timestamp,open,high,low,close,adjusted_close,volume,dividend_amount,split_coefficient
2019-07-24,2.88,2.92,2.86,2.89,2.89,24250,0.0,1.0
2019-07-23,3.05,3.1011,2.811,2.89,2.89,81608,0.0,1.0
2019-07-22,3.21,3.29,3.0701,3.12,3.12,56524,0.0,1.0
2019-07-19,3.28,3.29,3.15,3.231,3.231,41157,0.0,1.0
2019-07-18,3.17,3.4,3.0959,3.3,3.3,184983,0.0,1.0
2019-07-17,3.2,3.23,3.11,3.19,3.19,138130,0.0,1.0
2019-07-16,3.0109,3.2,3.0109,3.1,3.1,204894,0.0,1.0
2019-07-15,3.12,3.12,2.98,3.04,3.04,46290,0.0,1.0
2019-07-12,3.2,3.2,2.97,3.03,3.03,40927,0.0,1.0
2019-07-11,3.14,3.1481,2.89,2.89,2.89,86554,0.0,1.0
2019-07-10,2.91,3.1898,2.91,3.12,3.12,290083,0.0,1.0
2019-07-09,2.94,2.96,2.91,2.91,2.91,5656,0.0,1.0
2019-07-08,2.98,3.06,2.88,2.95,2.95,59079,0.0,1.0
2019-07-05,2.9,2.93,2.8105,2.93,2.93,42240,0.0,1.0
2019-07-03,2.95,2.9553,2.81,2.95,2.95,8209,0.0,1.0
2019-07-02,3.03,3.2,2.835,2.92,2.92,58041,0.0,1.0
2019-07-01,3.01,3.13,2.8038,2.88,2.88,91479,0.0,1.0
2019-06-28,2.98,3.0299,2.88,2.88,2.88,28914,0.0,1.0
2019-06-27,3.05,3.17,2.85,3.03,3.03,289049,0.0,1.0
2019-06-26,2.79,3.09,2.78,3.05,3.05,103632,0.0,1.0
2019-06-25,2.83,2.9386,2.8199,2.83,2.83,11477,0.0,1.0
2019-06-24,2.97,3.0232,2.76,2.79,2.79,36954,0.0,1.0
2019-06-21,3.11,3.11,2.93,2.96,2.96,21064,0.0,1.0
2019-06-20,3.0,3.1,2.95,2.99,2.99,63345,0.0,1.0
2019-06-19,2.99,2.99,2.86,2.88,2.88,32142,0.0,1.0
2019-06-18,2.85,2.9543,2.79,2.93,2.93,40701,0.0,1.0
2019-06-17,2.86,2.87,2.79,2.87,2.87,16529,0.0,1.0
2019-06-14,2.84,2.8636,2.76,2.86,2.86,31571,0.0,1.0
2019-06-13,2.87,2.8917,2.75,2.78,2.78,53508,0.0,1.0
2019-06-12,2.9,2.95,2.85,2.87,2.87,34616,0.0,1.0
2019-06-11,2.88,2.93,2.82,2.88,2.88,56599,0.0,1.0
2019-06-10,3.03,3.06,2.88,2.88,2.88,50096,0.0,1.0
2019-06-07,2.98,3.07,2.9,2.96,2.96,83710,0.0,1.0
2019-06-06,3.14,3.22,2.91,2.99,2.99,106450,0.0,1.0
2019-06-05,3.24,3.35,3.07,3.13,3.13,223234,0.0,1.0
2019-06-04,3.01,3.12,2.94,3.04,3.04,99065,0.0,1.0
2019-06-03,3.12,3.1419,2.83,3.0,3.0,181450,0.0,1.0
2019-05-31,3.08,3.2,2.92,3.07,3.07,232173,0.0,1.0
2019-05-30,2.75,3.15,2.75,3.03,3.03,332849,0.0,1.0
2019-05-29,2.83,2.85,2.66,2.77,2.77,194293,0.0,1.0
2019-05-28,3.01,3.08,2.86,2.91,2.91,159983,0.0,1.0
2019-05-24,2.98,3.1,2.8602,3.0,3.0,132091,0.0,1.0
2019-05-23,3.24,3.2951,2.96,2.96,2.96,205308,0.0,1.0
2019-05-22,3.45,3.45,3.08,3.22,3.22,481295,0.0,1.0
2019-05-21,3.22,3.74,3.11,3.48,3.48,2449045,0.0,1.0
2019-05-20,7.05,8.8765,2.91,3.26,3.26,7804095,0.0,1.0
2019-05-17,5.79,5.79,5.01,5.15,5.15,117300,0.0,1.0
2019-05-16,5.91,5.91,5.66,5.66,5.66,65730,0.0,1.0
2019-05-15,5.91,5.95,5.71,5.95,5.95,72457,0.0,1.0
2019-05-14,6.15,6.15,5.8,5.86,5.86,70816,0.0,1.0
2019-05-13,6.78,6.78,5.93,6.2,6.2,91015,0.0,1.0
2019-05-10,6.63,6.69,5.65,6.49,6.49,117762,0.0,0.0667
2019-05-09,0.4,0.434,0.38,0.4126,6.189,651347,0.0,1.0
2019-05-08,0.398,0.398,0.38,0.3916,5.874,262433,0.0,1.0
2019-05-07,0.4249,0.4249,0.395,0.3981,5.9715,292520,0.0,1.0
2019-05-06,0.42,0.4301,0.4,0.4071,6.1065,319674,0.0,1.0
2019-05-03,0.4258,0.4275,0.405,0.4081,6.1215,336044,0.0,1.0
2019-05-02,0.45,0.4564,0.41,0.41,6.15,720375,0.0,1.0
2019-05-01,0.5327,0.5379,0.45,0.46,6.9,816733,0.0,1.0
2019-04-30,0.56,0.5998,0.4907,0.5262,7.893,630777,0.0,1.0
2019-04-29,0.59,0.61,0.53,0.585,8.775,706108,0.0,1.0
2019-04-26,0.54,0.7,0.53,0.5917,8.8755,1618230,0.0,1.0
2019-04-25,0.5,0.5474,0.49,0.537,8.055,366489,0.0,1.0
2019-04-24,0.51,0.53,0.485,0.5,7.5,1407316,0.0,1.0
2019-04-23,0.51,0.51,0.47,0.5,7.5,33138,0.0,1.0
2019-04-22,0.5,0.5193,0.47,0.5,7.5,148599,0.0,1.0
2019-04-18,0.51,0.51,0.45,0.495,7.425,225264,0.0,1.0
2019-04-17,0.546,0.5475,0.5,0.5099,7.6485,217832,0.0,1.0
2019-04-16,0.56,0.56,0.53,0.54,8.1,360334,0.0,1.0
2019-04-15,0.5562,0.5655,0.5432,0.548,8.22,137842,0.0,1.0
2019-04-12,0.58,0.58,0.54,0.5562,8.343,351052,0.0,1.0
2019-04-11,0.58,0.581,0.56,0.57,8.55,144138,0.0,1.0
2019-04-10,0.61,0.61,0.5505,0.58,8.7,1478370,0.0,1.0
2019-04-09,0.6,0.6,0.56,0.59,8.85,107174,0.0,1.0
2019-04-08,0.5975,0.6,0.585,0.59,8.85,86407,0.0,1.0
2019-04-05,0.625,0.625,0.57,0.5975,8.9625,282132,0.0,1.0
2019-04-04,0.63,0.6331,0.605,0.6176,9.264,539294,0.0,1.0
2019-04-03,0.62,0.63,0.61,0.63,9.45,329576,0.0,1.0
2019-04-02,0.6299,0.64,0.61,0.629,9.435,2120427,0.0,1.0
2019-04-01,0.8799,0.8799,0.83,0.8549,12.8235,150479,0.0,1.0
2019-03-29,0.92,0.95,0.8425,0.875,13.125,217087,0.0,1.0
2019-03-28,0.83,0.89,0.83,0.88,13.2,142238,0.0,1.0
2019-03-27,0.95,0.95,0.802,0.8287,12.4305,390664,0.0,1.0
2019-03-26,0.95,1.03,0.84,0.931,13.965,1409806,0.0,1.0
2019-03-25,1.24,1.31,1.23,1.29,19.35,241404,0.0,1.0
2019-03-22,1.35,1.35,1.2,1.24,18.6,249322,0.0,1.0
2019-03-21,1.41,1.49,1.223,1.35,20.25,429643,0.0,1.0
2019-03-20,1.2,1.62,1.19,1.35,20.25,1247365,0.0,1.0
2019-03-19,1.19,1.24,1.16,1.23,18.45,410381,0.0,1.0
2019-03-18,1.15,1.17,1.09,1.15,17.25,143830,0.0,1.0
2019-03-15,1.14,1.15,1.11,1.1201,16.8015,77484,0.0,1.0
2019-03-14,1.09,1.14,1.07,1.13,16.95,166043,0.0,1.0
2019-03-13,1.13,1.13,1.06,1.09,16.35,276906,0.0,1.0
2019-03-12,1.1,1.18,1.09,1.12,16.8,504012,0.0,1.0
2019-03-11,1.13,1.15,1.05,1.09,16.35,394353,0.0,1.0
2019-03-08,1.1,1.11,1.08,1.1,16.5,126065,0.0,1.0
2019-03-07,1.13,1.135,1.08,1.1,16.5,273006,0.0,1.0
2019-03-06,1.17,1.18,1.05,1.13,16.95,352355,0.0,1.0
2019-03-05,1.2,1.2,1.11,1.11,16.65,295099,0.0,1.0
2019-03-04,1.12,1.26,1.12,1.24,18.6,493580,0.0,1.0
2019-03-01,1.16,1.16,1.14,1.14,17.1,155739,0.0,1.0
2019-02-28,1.16,1.16,1.14,1.16,17.4,101229,0.0,1.0
2019-02-27,1.18,1.18,1.14,1.17,17.55,402106,0.0,1.0
2019-02-26,1.15,1.18,1.14,1.17,17.55,378665,0.0,1.0
2019-02-25,1.17,1.17,1.14,1.14,17.1,169817,0.0,1.0
2019-02-22,1.13,1.15,1.13,1.14,17.1,90131,0.0,1.0
2019-02-21,1.16,1.16,1.13,1.14,17.1,61824,0.0,1.0
2019-02-20,1.15,1.16,1.11,1.16,17.4,183200,0.0,1.0
2019-02-19,1.16,1.17,1.1,1.15,17.25,195881,0.0,1.0
2019-02-15,1.14,1.16,1.12,1.145,17.175,165680,0.0,1.0
2019-02-14,1.14,1.16,1.13,1.14,17.1,58144,0.0,1.0
2019-02-13,1.17,1.17,1.13,1.16,17.4,143973,0.0,1.0
2019-02-12,1.18,1.18,1.13,1.17,17.55,149270,0.0,1.0
2019-02-11,1.18,1.18,1.12,1.16,17.4,178186,0.0,1.0
2019-02-08,1.13,1.19,1.13,1.19,17.85,75674,0.0,1.0
2019-02-07,1.19,1.19,1.13,1.17,17.55,236984,0.0,1.0
2019-02-06,1.19,1.19,1.16,1.185,17.775,61457,0.0,1.0
2019-02-05,1.22,1.22,1.16,1.2,18.0,125153,0.0,1.0
2019-02-04,1.22,1.22,1.19,1.2,18.0,509865,0.0,1.0
2019-02-01,1.18,1.2,1.14,1.17,17.55,219065,0.0,1.0
2019-01-31,1.21,1.21,1.13,1.2,18.0,376785,0.0,1.0
2019-01-30,1.27,1.35,1.17,1.19,17.85,2046444,0.0,1.0
2019-01-29,1.158,1.159,1.12,1.13,16.95,40065,0.0,1.0
2019-01-28,1.14,1.16,1.14,1.16,17.4,92913,0.0,1.0
2019-01-25,1.17,1.17,1.12,1.14,17.1,124034,0.0,1.0
2019-01-24,1.17,1.18,1.14,1.15,17.25,134879,0.0,1.0
2019-01-23,1.16,1.19,1.15,1.16,17.4,97500,0.0,1.0
2019-01-22,1.16,1.2,1.15,1.15,17.25,160294,0.0,1.0
2019-01-18,1.15,1.25,1.1234,1.2,18.0,261090,0.0,1.0
2019-01-17,1.26,1.35,1.24,1.3,19.5,148808,0.0,1.0
2019-01-16,1.26,1.3,1.25,1.29,19.35,84990,0.0,1.0
2019-01-15,1.19,1.3,1.16,1.23,18.45,152268,0.0,1.0
2019-01-14,1.2,1.2,1.16,1.17,17.55,44804,0.0,1.0
2019-01-11,1.22,1.23,1.1,1.21,18.15,233015,0.0,1.0
2019-01-10,1.23,1.29,1.17,1.19,17.85,202459,0.0,1.0
2019-01-09,1.25,1.25,1.21,1.23,18.45,101547,0.0,1.0
2019-01-08,1.32,1.33,1.19,1.23,18.45,140124,0.0,1.0
2019-01-07,1.27,1.3,1.23,1.23,18.45,107924,0.0,1.0
2019-01-04,1.27,1.4,1.26,1.27,19.05,150772,0.0,1.0
2019-01-03,1.28,1.28,1.26,1.27,19.05,8938,0.0,1.0
2019-01-02,1.28,1.295,1.22,1.28,19.2,50703,0.0,1.0
2018-12-31,1.24,1.27,1.19,1.26,18.9,186174,0.0,1.0
2018-12-28,1.12,1.2685,1.095,1.21,18.15,98780,0.0,1.0
2018-12-27,1.0217,1.15,1.01,1.1035,16.5525,57077,0.0,1.0
2018-12-26,1.0,1.1,1.0,1.0,15.0,196271,0.0,1.0
2018-12-24,1.12,1.12,1.0004,1.045,15.675,92654,0.0,1.0
2018-12-21,1.12,1.16,1.06,1.12,16.8,158801,0.0,1.0
2018-12-20,1.2,1.204,1.15,1.16,17.4,61394,0.0,1.0
2018-12-19,1.19,1.23,1.19,1.22,18.3,25443,0.0,1.0
2018-12-18,1.22,1.2439,1.18,1.2,18.0,92409,0.0,1.0
2018-12-17,1.27,1.29,1.22,1.2202,18.303,107856,0.0,1.0
2018-12-14,1.27,1.3,1.27,1.27,19.05,18854,0.0,1.0
2018-12-13,1.27,1.33,1.27,1.27,19.05,55464,0.0,1.0
2018-12-12,1.28,1.28,1.26,1.277,19.155,61521,0.0,1.0
2018-12-11,1.3,1.3,1.25,1.28,19.2,29408,0.0,1.0
2018-12-10,1.3,1.3,1.25,1.2803,19.2045,209334,0.0,1.0
2018-12-07,1.2874,1.2999,1.25,1.255,18.825,46520,0.0,1.0
2018-12-06,1.29,1.31,1.25,1.29,19.35,62062,0.0,1.0
2018-12-04,1.29,1.309,1.25,1.29,19.35,63142,0.0,1.0
2018-12-03,1.36,1.36,1.25,1.3,19.5,65109,0.0,1.0
2018-11-30,1.35,1.3532,1.3,1.33,19.95,81741,0.0,1.0
2018-11-29,1.4,1.41,1.22,1.32,19.8,560061,0.0,1.0
2018-11-28,1.44,1.44,1.326,1.41,21.15,170605,0.0,1.0
2018-11-27,1.49,1.49,1.42,1.44,21.6,83537,0.0,1.0
2018-11-26,1.49,1.4992,1.45,1.48,22.2,202966,0.0,1.0
2018-11-23,1.53,1.55,1.44,1.45,21.75,270010,0.0,1.0
2018-11-21,1.41,1.73,1.391,1.61,24.15,2001582,0.0,1.0
2018-11-20,1.41,1.42,1.38,1.4,21.0,60557,0.0,1.0
2018-11-19,1.41,1.42,1.3616,1.42,21.3,85650,0.0,1.0
2018-11-16,1.3485,1.38,1.34,1.38,20.7,33835,0.0,1.0
2018-11-15,1.31,1.4,1.31,1.37,20.55,38430,0.0,1.0
2018-11-14,1.34,1.37,1.34,1.3674,20.511,18804,0.0,1.0
2018-11-13,1.31,1.4,1.3056,1.38,20.7,162375,0.0,1.0
2018-11-12,1.31,1.33,1.29,1.29,19.35,20481,0.0,1.0
2018-11-09,1.34,1.34,1.3,1.3266,19.899,41585,0.0,1.0
2018-11-08,1.34,1.34,1.32,1.34,20.1,36229,0.0,1.0
2018-11-07,1.31,1.34,1.29,1.29,19.35,25366,0.0,1.0
2018-11-06,1.29,1.32,1.29,1.32,19.8,27936,0.0,1.0
2018-11-05,1.3,1.3,1.26,1.28,19.2,18572,0.0,1.0
2018-11-02,1.27,1.29,1.2626,1.287,19.305,10316,0.0,1.0
2018-11-01,1.22,1.29,1.22,1.27,19.05,25136,0.0,1.0
2018-10-31,1.34,1.35,1.2001,1.23,18.45,220198,0.0,1.0
2018-10-30,1.29,1.34,1.29,1.34,20.1,105930,0.0,1.0
2018-10-29,1.25,1.3,1.25,1.29,19.35,50044,0.0,1.0
2018-10-26,1.2858,1.3,1.26,1.27,19.05,18906,0.0,1.0
2018-10-25,1.24,1.33,1.23,1.29,19.35,42322,0.0,1.0
2018-10-24,1.26,1.28,1.22,1.26,18.9,80378,0.0,1.0
2018-10-23,1.29,1.29,1.26,1.27,19.05,24198,0.0,1.0
2018-10-22,1.29,1.31,1.26,1.29,19.35,49607,0.0,1.0
2018-10-19,1.26,1.29,1.26,1.26,18.9,44206,0.0,1.0
2018-10-18,1.3,1.3,1.2703,1.29,19.35,40456,0.0,1.0
2018-10-17,1.25,1.32,1.25,1.28,19.2,30627,0.0,1.0
2018-10-16,1.25,1.28,1.24,1.24,18.6,52992,0.0,1.0
2018-10-15,1.25,1.29,1.24,1.26,18.9,64555,0.0,1.0
2018-10-12,1.2415,1.26,1.24,1.2496,18.744,35024,0.0,1.0
2018-10-11,1.25,1.28,1.23,1.23,18.45,60429,0.0,1.0
2018-10-10,1.27,1.2899,1.25,1.2789,19.1835,44762,0.0,1.0
2018-10-09,1.31,1.32,1.27,1.27,19.05,39931,0.0,1.0
2018-10-08,1.32,1.34,1.26,1.32,19.8,159675,0.0,1.0
2018-10-05,1.27,1.28,1.25,1.28,19.2,50515,0.0,1.0
2018-10-04,1.26,1.3,1.25,1.2599,18.8985,67869,0.0,1.0
2018-10-03,1.23,1.27,1.23,1.26,18.9,70268,0.0,1.0
2018-10-02,1.25,1.27,1.2272,1.23,18.45,29117,0.0,1.0
2018-10-01,1.28,1.3,1.24,1.26,18.9,55541,0.0,1.0
2018-09-28,1.32,1.32,1.25,1.29,19.35,24486,0.0,1.0
2018-09-27,1.29,1.32,1.24,1.32,19.8,62841,0.0,1.0
2018-09-26,1.28,1.3,1.26,1.26,18.9,36527,0.0,1.0
2018-09-25,1.29,1.32,1.26,1.29,19.35,24236,0.0,1.0
2018-09-24,1.25,1.29,1.25,1.29,19.35,35800,0.0,1.0
2018-09-21,1.3135,1.3215,1.27,1.27,19.05,27624,0.0,1.0
2018-09-20,1.33,1.34,1.2901,1.335,20.025,53137,0.0,1.0
2018-09-19,1.33,1.3698,1.32,1.32,19.8,83709,0.0,1.0
2018-09-18,1.31,1.34,1.2828,1.325,19.875,35374,0.0,1.0
2018-09-17,1.31,1.33,1.26,1.28,19.2,40329,0.0,1.0
2018-09-14,1.31,1.32,1.29,1.3071,19.6065,11395,0.0,1.0
2018-09-13,1.3,1.35,1.3,1.3203,19.8045,58675,0.0,1.0
2018-09-12,1.26,1.32,1.26,1.3,19.5,32883,0.0,1.0
2018-09-11,1.3,1.33,1.29,1.29,19.35,22900,0.0,1.0
2018-09-10,1.35,1.35,1.2906,1.32,19.8,33182,0.0,1.0
2018-09-07,1.28,1.35,1.2604,1.35,20.25,71710,0.0,1.0
2018-09-06,1.3,1.3176,1.21,1.24,18.6,106459,0.0,1.0
2018-09-05,1.38,1.38,1.3,1.35,20.25,93502,0.0,1.0
2018-09-04,1.35,1.38,1.33,1.3599,20.3985,228499,0.0,1.0
2018-08-31,1.3,1.32,1.2701,1.2845,19.2675,75452,0.0,1.0
2018-08-30,1.23,1.29,1.207,1.25,18.75,81743,0.0,1.0
2018-08-29,1.278,1.278,1.21,1.25,18.75,71508,0.0,1.0
2018-08-28,1.31,1.31,1.26,1.28,19.2,31494,0.0,1.0
2018-08-27,1.29,1.3,1.26,1.3,19.5,54620,0.0,1.0
2018-08-24,1.27,1.28,1.26,1.27,19.05,37027,0.0,1.0
2018-08-23,1.25,1.28,1.25,1.2615,18.9225,21872,0.0,1.0
2018-08-22,1.23,1.2756,1.21,1.26,18.9,54683,0.0,1.0
2018-08-21,1.2,1.2198,1.19,1.2198,18.297,37967,0.0,1.0
2018-08-20,1.18,1.19,1.16,1.16,17.4,60111,0.0,1.0
2018-08-17,1.1752,1.19,1.15,1.19,17.85,26210,0.0,1.0
2018-08-16,1.17,1.183,1.15,1.165,17.475,78504,0.0,1.0
2018-08-15,1.19,1.19,1.17,1.18,17.7,50971,0.0,1.0
2018-08-14,1.19,1.2002,1.18,1.18,17.7,20356,0.0,1.0
2018-08-13,1.2,1.21,1.18,1.2,18.0,53870,0.0,1.0
2018-08-10,1.28,1.28,1.16,1.2092,18.138,317397,0.0,1.0
2018-08-09,1.22,1.28,1.196,1.28,19.2,78704,0.0,1.0
2018-08-08,1.21,1.25,1.21,1.22,18.3,101714,0.0,1.0
2018-08-07,1.24,1.27,1.21,1.22,18.3,299309,0.0,1.0
2018-08-06,1.38,1.38,1.25,1.29,19.35,1897794,0.0,1.0
2018-08-03,1.18,1.19,1.17,1.17,17.55,12079,0.0,1.0
2018-08-02,1.17,1.19,1.17,1.18,17.7,25700,0.0,1.0
2018-08-01,1.18,1.1985,1.175,1.19,17.85,39642,0.0,1.0
2018-07-31,1.15,1.19,1.15,1.17,17.55,39333,0.0,1.0
2018-07-30,1.21,1.21,1.175,1.19,17.85,35056,0.0,1.0
2018-07-27,1.2,1.215,1.18,1.2,18.0,134335,0.0,1.0
2018-07-26,1.21,1.24,1.21,1.21,18.15,32469,0.0,1.0
2018-07-25,1.25,1.26,1.24,1.26,18.9,17895,0.0,1.0
2018-07-24,1.3,1.3,1.24,1.25,18.75,38641,0.0,1.0
2018-07-23,1.29,1.29,1.25,1.28,19.2,45137,0.0,1.0
2018-07-20,1.28,1.29,1.231,1.27,19.05,70892,0.0,1.0
2018-07-19,1.25,1.29,1.2216,1.29,19.35,51669,0.0,1.0
2018-07-18,1.23,1.24,1.21,1.24,18.6,87023,0.0,1.0
2018-07-17,1.28,1.28,1.21,1.22,18.3,249806,0.0,1.0
2018-07-16,1.25,1.25,1.21,1.21,18.15,47938,0.0,1.0
2018-07-13,1.28,1.29,1.26,1.28,19.2,32337,0.0,1.0
2018-07-12,1.25,1.28,1.2299,1.27,19.05,94855,0.0,1.0
2018-07-11,1.21,1.24,1.193,1.24,18.6,167337,0.0,1.0
2018-07-10,1.16,1.1995,1.16,1.19,17.85,84584,0.0,1.0
2018-07-09,1.19,1.2,1.16,1.17,17.55,115938,0.0,1.0
2018-07-06,1.195,1.21,1.15,1.17,17.55,100891,0.0,1.0
2018-07-05,1.2,1.22,1.19,1.21,18.15,53258,0.0,1.0
2018-07-03,1.19,1.23,1.18,1.19,17.85,94001,0.0,1.0
2018-07-02,1.2,1.28,1.12,1.18,17.7,331949,0.0,1.0
2018-06-29,1.16,1.2,1.12,1.1799,17.6985,133972,0.0,1.0
2018-06-28,1.19,1.2,1.14,1.16,17.4,173099,0.0,1.0
2018-06-27,1.21,1.22,1.17,1.2,18.0,160184,0.0,1.0
2018-06-26,1.26,1.26,1.2,1.22,18.3,131245,0.0,1.0
2018-06-25,1.25,1.28,1.25,1.26,18.9,68062,0.0,1.0
2018-06-22,1.28,1.28,1.24,1.24,18.6,170490,0.0,1.0
2018-06-21,1.34,1.34,1.26,1.28,19.2,126951,0.0,1.0
2018-06-20,1.32,1.335,1.29,1.33,19.95,247431,0.0,1.0
2018-06-19,1.36,1.37,1.2736,1.33,19.95,667342,0.0,1.0
2018-06-18,1.3,1.3,1.21,1.23,18.45,208048,0.0,1.0
2018-06-15,1.3,1.34,1.18,1.26,18.9,949158,0.0,1.0
2018-06-14,1.35,1.36,1.22,1.31,19.65,803226,0.0,1.0
2018-06-13,1.52,1.549,1.3,1.34,20.1,6228162,0.0,1.0
2018-06-12,1.36,1.36,1.29,1.3,19.5,193458,0.0,1.0
2018-06-11,1.4,1.4,1.28,1.35,20.25,737780,0.0,1.0
2018-06-08,1.2821,1.32,1.27,1.29,19.35,61960,0.0,1.0
2018-06-07,1.28,1.29,1.26,1.28,19.2,37345,0.0,1.0
2018-06-06,1.28,1.3,1.26,1.27,19.05,18200,0.0,1.0
2018-06-05,1.26,1.29,1.26,1.26,18.9,24319,0.0,1.0
2018-06-04,1.34,1.36,1.28,1.28,19.2,104854,0.0,1.0
2018-06-01,1.36,1.36,1.31,1.36,20.4,173703,0.0,1.0
2018-05-31,1.31,1.34,1.27,1.2785,19.1775,212489,0.0,1.0
2018-05-30,1.27,1.2999,1.257,1.2999,19.4985,30691,0.0,1.0
2018-05-29,1.2855,1.3,1.265,1.27,19.05,31024,0.0,1.0
2018-05-25,1.27,1.29,1.25,1.29,19.35,68554,0.0,1.0
2018-05-24,1.27,1.29,1.26,1.26,18.9,22807,0.0,1.0
2018-05-23,1.32,1.3486,1.26,1.27,19.05,442384,0.0,1.0
2018-05-22,1.3,1.33,1.29,1.33,19.95,32575,0.0,1.0
2018-05-21,1.31,1.33,1.29,1.29,19.35,48419,0.0,1.0
2018-05-18,1.3226,1.33,1.29,1.2939,19.4085,47137,0.0,1.0
2018-05-17,1.33,1.34,1.32,1.33,19.95,15591,0.0,1.0
2018-05-16,1.33,1.3452,1.29,1.31,19.65,21902,0.0,1.0
2018-05-15,1.3198,1.35,1.31,1.35,20.25,14060,0.0,1.0
2018-05-14,1.3139,1.33,1.305,1.33,19.95,20795,0.0,1.0
2018-05-11,1.31,1.3101,1.28,1.31,19.65,16615,0.0,1.0
2018-05-10,1.3,1.33,1.3,1.33,19.95,10040,0.0,1.0
2018-05-09,1.3,1.32,1.28,1.2923,19.3845,45787,0.0,1.0
2018-05-08,1.3105,1.33,1.3,1.31,19.65,28569,0.0,1.0
2018-05-07,1.31,1.32,1.3027,1.31,19.65,13654,0.0,1.0
2018-05-04,1.3027,1.32,1.3001,1.31,19.65,22027,0.0,1.0
2018-05-03,1.33,1.35,1.301,1.33,19.95,45129,0.0,1.0
2018-05-02,1.36,1.38,1.32,1.32,19.8,109254,0.0,1.0
2018-05-01,1.35,1.37,1.35,1.37,20.55,28499,0.0,1.0
2018-04-30,1.32,1.35,1.3011,1.33,19.95,51309,0.0,1.0
2018-04-27,1.36,1.37,1.345,1.345,20.175,20305,0.0,1.0
2018-04-26,1.38,1.38,1.35,1.37,20.55,12516,0.0,1.0
2018-04-25,1.36,1.38,1.28,1.37,20.55,79709,0.0,1.0
2018-04-24,1.39,1.4,1.3436,1.37,20.55,61325,0.0,1.0
2018-04-23,1.4,1.4,1.37,1.37,20.55,11974,0.0,1.0
2018-04-20,1.37,1.3868,1.3601,1.3801,20.7015,18165,0.0,1.0
2018-04-19,1.41,1.41,1.35,1.38,20.7,25200,0.0,1.0
2018-04-18,1.43,1.441,1.4001,1.42,21.3,11890,0.0,1.0
2018-04-17,1.5,1.5,1.4,1.43,21.45,75653,0.0,1.0
2018-04-16,1.42,1.4434,1.42,1.43,21.45,10952,0.0,1.0
2018-04-13,1.42,1.49,1.42,1.45,21.75,68936,0.0,1.0
2018-04-12,1.449,1.45,1.445,1.45,21.75,5827,0.0,1.0
2018-04-11,1.4404,1.45,1.4216,1.43,21.45,7740,0.0,1.0
2018-04-10,1.47,1.47,1.42,1.42,21.3,7677,0.0,1.0
2018-04-09,1.43,1.47,1.41,1.47,22.05,53600,0.0,1.0
2018-04-06,1.44,1.441,1.41,1.41,21.15,4327,0.0,1.0
2018-04-05,1.436,1.4701,1.42,1.45,21.75,24963,0.0,1.0
2018-04-04,1.41,1.4301,1.38,1.43,21.45,29834,0.0,1.0
2018-04-03,1.39,1.4,1.37,1.4,21.0,25989,0.0,1.0
2018-04-02,1.4,1.4399,1.4,1.41,21.15,6888,0.0,1.0
2018-03-29,1.401,1.4519,1.4,1.44,21.6,11872,0.0,1.0
2018-03-28,1.44,1.44,1.37,1.43,21.45,64107,0.0,1.0
2018-03-27,1.44,1.4796,1.4,1.43,21.45,50728,0.0,1.0
2018-03-26,1.45,1.48,1.4,1.43,21.45,111696,0.0,1.0
2018-03-23,1.48,1.48,1.44,1.45,21.75,40472,0.0,1.0
2018-03-22,1.47,1.47,1.42,1.47,22.05,32684,0.0,1.0
2018-03-21,1.45,1.49,1.45,1.45,21.75,19307,0.0,1.0
2018-03-20,1.56,1.56,1.45,1.47,22.05,133303,0.0,1.0
2018-03-19,1.53,1.56,1.5,1.56,23.4,148050,0.0,1.0
2018-03-16,1.52,1.54,1.5001,1.52,22.8,41949,0.0,1.0
2018-03-15,1.56,1.565,1.51,1.52,22.8,93774,0.0,1.0
2018-03-14,1.58,1.59,1.52,1.53,22.95,79001,0.0,1.0
2018-03-13,1.6,1.6,1.55,1.59,23.85,134886,0.0,1.0
2018-03-12,1.58,1.6,1.57,1.57,23.55,287575,0.0,1.0
2018-03-09,1.6,1.65,1.51,1.56,23.4,958317,0.0,1.0
2018-03-08,1.875,2.07,1.78,1.9392,29.088,138320,0.0,1.0
2018-03-07,1.8898,1.9,1.85,1.87,28.05,17879,0.0,1.0
2018-03-06,1.91,1.9176,1.8898,1.89,28.35,9663,0.0,1.0
2018-03-05,1.9,1.93,1.87,1.93,28.95,28732,0.0,1.0
2018-03-02,1.75,1.85,1.75,1.85,27.75,11820,0.0,1.0
2018-03-01,1.86,1.86,1.75,1.75,26.25,45452,0.0,1.0
2018-02-28,1.81,1.88,1.75,1.88,28.2,108718,0.0,1.0
2018-02-27,1.85,1.88,1.77,1.77,26.55,16971,0.0,1.0
2018-02-26,1.85,1.92,1.84,1.86,27.9,31168,0.0,1.0
2018-02-23,1.76,1.9489,1.76,1.83,27.45,55987,0.0,1.0
2018-02-22,1.86,1.86,1.72,1.73,25.95,164024,0.0,1.0
2018-02-21,1.9,1.92,1.8101,1.83,27.45,88882,0.0,1.0
2018-02-20,2.01,2.01,1.9,1.9,28.5,35042,0.0,1.0
2018-02-16,2.03,2.06,1.95,2.03,30.45,29431,0.0,1.0
2018-02-15,2.05,2.09,2.02,2.05,30.75,41739,0.0,1.0
2018-02-14,2.15,2.15,2.01,2.05,30.75,59589,0.0,1.0
2018-02-13,2.15,2.19,2.1,2.15,32.25,24771,0.0,1.0
2018-02-12,2.1,2.25,2.05,2.17,32.55,89369,0.0,1.0
2018-02-09,2.1,2.1,1.84,2.02,30.3,155293,0.0,1.0
2018-02-08,2.16,2.19,2.05,2.0601,30.9015,68824,0.0,1.0
2018-02-07,2.15,2.23,2.09,2.17,32.55,69739,0.0,1.0
2018-02-06,1.99,2.2,1.99,2.17,32.55,119978,0.0,1.0
2018-02-05,2.26,2.32,2.16,2.1712,32.568,82762,0.0,1.0
2018-02-02,2.25,2.35,2.1905,2.29,34.35,108201,0.0,1.0
2018-02-01,2.38,2.4,1.98,2.25,33.75,509296,0.0,1.0
2018-01-31,2.5,2.55,2.37,2.3829,35.7435,274583,0.0,1.0
2018-01-30,2.46,2.64,2.42,2.5,37.5,383793,0.0,1.0
2018-01-29,2.53,2.7,2.4416,2.53,37.95,540608,0.0,1.0
2018-01-26,2.25,2.58,2.25,2.53,37.95,949130,0.0,1.0
2018-01-25,1.98,2.75,1.96,2.25,33.75,2322900,0.0,1.0
2018-01-24,1.94,1.94,1.85,1.9,28.5,73151,0.0,1.0
2018-01-23,1.85,1.89,1.8201,1.885,28.275,92266,0.0,1.0
2018-01-22,1.77,1.8399,1.77,1.81,27.15,59737,0.0,1.0
2018-01-19,1.77,1.8,1.72,1.74,26.1,21418,0.0,1.0
2018-01-18,1.74,1.81,1.74,1.75,26.25,24127,0.0,1.0
2018-01-17,1.76,1.83,1.72,1.77,26.55,84951,0.0,1.0
2018-01-16,1.9,1.9,1.76,1.81,27.15,75340,0.0,1.0
2018-01-12,1.89,1.895,1.81,1.88,28.2,192092,0.0,1.0
2018-01-11,1.97,1.97,1.76,1.82,27.3,371132,0.0,1.0
2018-01-10,1.93,1.98,1.901,1.93,28.95,202956,0.0,1.0
2018-01-09,1.83,2.1,1.751,1.8951,28.4265,973960,0.0,1.0
2018-01-08,1.81,1.81,1.5,1.66,24.9,440373,0.0,1.0
2018-01-05,1.55,1.6,1.5356,1.56,23.4,23430,0.0,1.0
2018-01-04,1.54,1.55,1.45,1.52,22.8,51898,0.0,1.0
2018-01-03,1.67,1.67,1.45,1.56,23.4,44392,0.0,1.0
2018-01-02,1.58,1.65,1.56,1.605,24.075,50853,0.0,1.0
2017-12-29,1.5,1.52,1.37,1.4801,22.2015,72504,0.0,1.0
2017-12-28,1.55,1.5628,1.51,1.55,23.25,63525,0.0,1.0
2017-12-27,1.63,1.63,1.521,1.56,23.4,20513,0.0,1.0
2017-12-26,1.54,1.66,1.53,1.63,24.45,30403,0.0,1.0
2017-12-22,1.581,1.68,1.5401,1.59,23.85,62153,0.0,1.0
2017-12-21,1.51,1.62,1.5,1.57,23.55,56531,0.0,1.0
2017-12-20,1.54,1.65,1.54,1.5599,23.3985,42306,0.0,1.0
2017-12-19,1.65,1.74,1.5,1.59,23.85,369957,0.0,1.0
2017-12-18,1.47,1.64,1.33,1.5,22.5,525183,0.0,1.0
2017-12-15,1.32,1.36,1.2701,1.3175,19.7625,81530,0.0,1.0
2017-12-14,1.26,1.3,1.24,1.28,19.2,46185,0.0,1.0
2017-12-13,1.285,1.3,1.26,1.2893,19.3395,20665,0.0,1.0
2017-12-12,1.27,1.33,1.25,1.28,19.2,31908,0.0,1.0
2017-12-11,1.35,1.361,1.31,1.33,19.95,44878,0.0,1.0
2017-12-08,1.4,1.4,1.35,1.36,20.4,25453,0.0,1.0
2017-12-07,1.38,1.43,1.3551,1.37,20.55,26233,0.0,1.0
2017-12-06,1.39,1.4366,1.39,1.4101,21.1515,7248,0.0,1.0
2017-12-05,1.38,1.46,1.38,1.42,21.3,18202,0.0,1.0
2017-12-04,1.4,1.45,1.3772,1.41,21.15,28794,0.0,1.0
2017-12-01,1.48,1.48,1.4299,1.44,21.6,12400,0.0,1.0
2017-11-30,1.4819,1.5,1.37,1.4376,21.564,10248,0.0,1.0
2017-11-29,1.5,1.53,1.44,1.46,21.9,46721,0.0,1.0
2017-11-28,1.38,1.5,1.38,1.47,22.05,33342,0.0,1.0
2017-11-27,1.35,1.45,1.35,1.44,21.6,35293,0.0,1.0
2017-11-24,1.45,1.45,1.4176,1.44,21.6,3752,0.0,1.0
2017-11-22,1.39,1.44,1.37,1.43,21.45,47328,0.0,1.0
2017-11-21,1.3742,1.41,1.37,1.41,21.15,12462,0.0,1.0
2017-11-20,1.45,1.45,1.394,1.394,20.91,4778,0.0,1.0
2017-11-17,1.46,1.46,1.3797,1.4315,21.4725,19936,0.0,1.0
2017-11-16,1.37,1.4921,1.32,1.48,22.2,64684,0.0,1.0
2017-11-15,1.39,1.39,1.36,1.37,20.55,7406,0.0,1.0
2017-11-14,1.38,1.42,1.38,1.39,20.85,18809,0.0,1.0
2017-11-13,1.39,1.44,1.31,1.39,20.85,26524,0.0,1.0
2017-11-10,1.4,1.4101,1.38,1.4101,21.1515,31003,0.0,1.0
2017-11-09,1.45,1.5,1.43,1.43,21.45,31106,0.0,1.0
2017-11-08,1.5,1.55,1.44,1.47,22.05,34202,0.0,1.0
2017-11-07,1.52,1.55,1.51,1.51,22.65,38877,0.0,1.0
2017-11-06,1.52,1.57,1.51,1.52,22.8,30765,0.0,1.0
2017-11-03,1.58,1.58,1.54,1.55,23.25,22915,0.0,1.0
2017-11-02,1.63,1.63,1.52,1.5995,23.9925,34605,0.0,1.0
2017-11-01,1.65,1.66,1.5,1.58,23.7,47257,0.0,1.0
2017-10-31,1.69,1.69,1.56,1.56,23.4,12257,0.0,1.0
2017-10-30,1.61,1.71,1.5,1.57,23.55,131410,0.0,1.0
2017-10-27,1.6399,1.66,1.53,1.61,24.15,39641,0.0,1.0
2017-10-26,1.66,1.67,1.63,1.64,24.6,17157,0.0,1.0
2017-10-25,1.67,1.71,1.67,1.67,25.05,3800,0.0,1.0
2017-10-24,1.65,1.7,1.65,1.68,25.2,12635,0.0,1.0
2017-10-23,1.65,1.71,1.63,1.65,24.75,28497,0.0,1.0
2017-10-20,1.6515,1.72,1.64,1.65,24.75,31260,0.0,1.0
2017-10-19,1.65,1.7,1.65,1.66,24.9,28950,0.0,1.0
2017-10-18,1.62,1.74,1.62,1.7001,25.5015,46664,0.0,1.0
2017-10-17,1.69,1.69,1.6,1.6525,24.7875,52145,0.0,1.0
2017-10-16,1.67,1.69,1.65,1.674,25.11,1785,0.0,1.0
2017-10-13,1.67,1.67,1.64,1.67,25.05,16540,0.0,1.0
2017-10-12,1.66,1.68,1.62,1.6301,24.4515,22369,0.0,1.0
2017-10-11,1.6583,1.66,1.64,1.65,24.75,27122,0.0,1.0
2017-10-10,1.66,1.69,1.64,1.66,24.9,12400,0.0,1.0
2017-10-09,1.6823,1.704,1.65,1.6717,25.0755,22286,0.0,1.0
2017-10-06,1.7084,1.71,1.65,1.6799,25.1985,27350,0.0,1.0
2017-10-05,1.69,1.73,1.61,1.72,25.8,19227,0.0,1.0
2017-10-04,1.64,1.69,1.62,1.68,25.2,11850,0.0,1.0
2017-10-03,1.63,1.7052,1.6,1.665,24.975,21409,0.0,1.0
2017-10-02,1.71,1.72,1.64,1.65,24.75,21000,0.0,1.0
2017-09-29,1.71,1.7134,1.67,1.69,25.35,5964,0.0,1.0
2017-09-28,1.706,1.72,1.69,1.69,25.35,4822,0.0,1.0
2017-09-27,1.7,1.73,1.68,1.7215,25.8225,10799,0.0,1.0
2017-09-26,1.68,1.73,1.68,1.6934,25.401,15605,0.0,1.0
2017-09-25,1.729,1.73,1.72,1.73,25.95,16230,0.0,1.0
2017-09-22,1.7091,1.73,1.7,1.72,25.8,5576,0.0,1.0
2017-09-21,1.76,1.76,1.66,1.73,25.95,11297,0.0,1.0
2017-09-20,1.67,1.75,1.63,1.7493,26.2395,23057,0.0,1.0
2017-09-19,1.7535,1.79,1.67,1.68,25.2,26542,0.0,1.0
2017-09-18,1.75,1.75,1.7101,1.73,25.95,16135,0.0,1.0
2017-09-15,1.7,1.75,1.7,1.74,26.1,16739,0.0,1.0
2017-09-14,1.73,1.78,1.6805,1.72,25.8,32959,0.0,1.0
2017-09-13,1.77,1.78,1.72,1.77,26.55,9901,0.0,1.0
2017-09-12,1.74,1.79,1.67,1.7442,26.163,55814,0.0,1.0
2017-09-11,1.74,1.78,1.73,1.7799,26.6985,7331,0.0,1.0
2017-09-08,1.76,1.76,1.69,1.73,25.95,7497,0.0,1.0
2017-09-07,1.77,1.77,1.73,1.75,26.25,9295,0.0,1.0
2017-09-06,1.84,1.84,1.7,1.72,25.8,37885,0.0,1.0
2017-09-05,1.84,1.84,1.78,1.78,26.7,72480,0.0,1.0
2017-09-01,1.7,1.8,1.7,1.79,26.85,89826,0.0,1.0
2017-08-31,1.6,1.68,1.6,1.67,25.05,39497,0.0,1.0
2017-08-30,1.61,1.61,1.58,1.59,23.85,26277,0.0,1.0
2017-08-29,1.57,1.61,1.57,1.58,23.7,8740,0.0,1.0
2017-08-28,1.66,1.66,1.59,1.62,24.3,9065,0.0,1.0
2017-08-25,1.6501,1.6501,1.61,1.62,24.3,22570,0.0,1.0
2017-08-24,1.6,1.68,1.6,1.65,24.75,53216,0.0,1.0
2017-08-23,1.58,1.61,1.53,1.57,23.55,29012,0.0,1.0
2017-08-22,1.62,1.65,1.5276,1.62,24.3,6182,0.0,1.0
2017-08-21,1.62,1.65,1.58,1.64,24.6,33316,0.0,1.0
2017-08-18,1.64,1.65,1.6225,1.64,24.6,5351,0.0,1.0
2017-08-17,1.68,1.68,1.63,1.63,24.45,19645,0.0,1.0
2017-08-16,1.58,1.68,1.58,1.67,25.05,34507,0.0,1.0
2017-08-15,1.6367,1.66,1.58,1.58,23.7,10471,0.0,1.0
2017-08-14,1.56,1.68,1.56,1.64,24.6,9916,0.0,1.0
2017-08-11,1.68,1.68,1.58,1.58,23.7,89518,0.0,1.0
2017-08-10,1.5,1.63,1.5,1.53,22.95,24169,0.0,1.0
2017-08-09,1.58,1.61,1.53,1.53,22.95,65241,0.0,1.0
2017-08-08,1.6,1.6395,1.55,1.61,24.15,53736,0.0,1.0
2017-08-07,1.76,1.76,1.59,1.59,23.85,100019,0.0,1.0
2017-08-04,1.63,1.72,1.63,1.72,25.8,34846,0.0,1.0
2017-08-03,1.71,1.72,1.6,1.61,24.15,63939,0.0,1.0
2017-08-02,1.75,1.77,1.74,1.7532,26.298,46062,0.0,1.0
2017-08-01,1.775,1.79,1.75,1.78,26.7,28785,0.0,1.0
2017-07-31,1.8,1.8,1.75,1.7706,26.559,87670,0.0,1.0
2017-07-28,1.82,1.84,1.81,1.82,27.3,38460,0.0,1.0
2017-07-27,1.79,1.85,1.77,1.82,27.3,32192,0.0,1.0
2017-07-26,1.78,1.82,1.7711,1.8001,27.0015,26409,0.0,1.0
2017-07-25,1.82,1.82,1.78,1.7899,26.8485,13237,0.0,1.0
2017-07-24,1.76,1.8,1.76,1.7828,26.742,12150,0.0,1.0
2017-07-21,1.76,1.83,1.76,1.7974,26.961,40317,0.0,1.0
2017-07-20,1.78,1.82,1.7701,1.82,27.3,31390,0.0,1.0
2017-07-19,1.76,1.82,1.76,1.82,27.3,31030,0.0,1.0
2017-07-18,1.78,1.8,1.76,1.78,26.7,6224,0.0,1.0
2017-07-17,1.85,1.85,1.78,1.8,27.0,18281,0.0,1.0
2017-07-14,1.8115,1.83,1.77,1.8,27.0,23785,0.0,1.0
2017-07-13,1.8299,1.83,1.78,1.79,26.85,4642,0.0,1.0
2017-07-12,1.82,1.82,1.76,1.8,27.0,27213,0.0,1.0
2017-07-11,1.813,1.82,1.8011,1.82,27.3,4558,0.0,1.0
2017-07-10,1.82,1.85,1.77,1.8,27.0,29864,0.0,1.0
2017-07-07,1.8,1.85,1.8,1.85,27.75,12860,0.0,1.0
2017-07-06,1.79,1.84,1.76,1.815,27.225,19852,0.0,1.0
2017-07-05,1.8,1.85,1.75,1.8,27.0,28852,0.0,1.0
2017-07-03,1.74,1.823,1.72,1.8,27.0,77839,0.0,1.0
2017-06-30,1.799,1.84,1.775,1.7901,26.8515,10059,0.0,1.0
2017-06-29,1.78,1.79,1.78,1.78,26.7,31279,0.0,1.0
2017-06-28,1.78,1.8,1.78,1.79,26.85,34896,0.0,1.0
2017-06-27,1.78,1.8,1.78,1.78,26.7,16508,0.0,1.0
2017-06-26,1.88,1.88,1.79,1.8,27.0,17069,0.0,1.0
2017-06-23,1.87,1.87,1.832,1.845,27.675,7316,0.0,1.0
2017-06-22,1.82,1.87,1.81,1.82,27.3,28918,0.0,1.0
2017-06-21,1.85,1.85,1.82,1.8433,27.6495,12623,0.0,1.0
2017-06-20,1.78,1.84,1.78,1.84,27.6,23453,0.0,1.0
2017-06-19,1.8,1.8128,1.77,1.78,26.7,74997,0.0,1.0
2017-06-16,1.78,1.79,1.78,1.78,26.7,4719,0.0,1.0
2017-06-15,1.78,1.7889,1.78,1.78,26.7,7490,0.0,1.0
2017-06-14,1.78,1.8,1.78,1.8,27.0,25531,0.0,1.0
2017-06-13,1.8,1.8,1.78,1.78,26.7,10025,0.0,1.0
2017-06-12,1.7999,1.8,1.78,1.78,26.7,7167,0.0,1.0
2017-06-09,1.7924,1.82,1.78,1.78,26.7,14593,0.0,1.0
2017-06-08,1.8,1.8269,1.78,1.79,26.85,23827,0.0,1.0
2017-06-07,1.82,1.82,1.79,1.8,27.0,17272,0.0,1.0
2017-06-06,1.8,1.88,1.79,1.82,27.3,20089,0.0,1.0
2017-06-05,1.84,1.84,1.795,1.82,27.3,18871,0.0,1.0
2017-06-02,1.76,1.94,1.76,1.84,27.6,7622,0.0,1.0
2017-06-01,1.97,1.97,1.8,1.87,28.05,37196,0.0,1.0
2017-05-31,1.76,1.7952,1.76,1.77,26.55,7315,0.0,1.0
2017-05-30,1.79,1.8499,1.74,1.76,26.4,28595,0.0,1.0
2017-05-26,1.85,1.85,1.72,1.8199,27.2985,16625,0.0,1.0
2017-05-25,1.79,1.87,1.77,1.78,26.7,24868,0.0,1.0
2017-05-24,1.81,1.86,1.75,1.75,26.25,23538,0.0,1.0
2017-05-23,1.85,1.85,1.8228,1.8361,27.5415,6789,0.0,1.0
2017-05-22,1.87,1.87,1.79,1.85,27.75,20225,0.0,1.0
2017-05-19,1.845,1.845,1.82,1.8301,27.4515,8681,0.0,1.0
2017-05-18,1.87,1.87,1.7837,1.87,28.05,17724,0.0,1.0
2017-05-17,1.87,1.87,1.78,1.85,27.75,21029,0.0,1.0
2017-05-16,1.88,1.88,1.78,1.86,27.9,23755,0.0,1.0
2017-05-15,1.78,1.85,1.78,1.84,27.6,10968,0.0,1.0
2017-05-12,1.77,1.79,1.7632,1.77,26.55,14448,0.0,1.0
2017-05-11,1.87,1.94,1.75,1.79,26.85,87515,0.0,1.0
2017-05-10,1.82,1.83,1.7618,1.81,27.15,18153,0.0,1.0
2017-05-09,1.82,1.83,1.76,1.81,27.15,28714,0.0,1.0
2017-05-08,1.83,1.84,1.75,1.83,27.45,39056,0.0,1.0
2017-05-05,1.83,1.87,1.78,1.82,27.3,42560,0.0,1.0
2017-05-04,1.84,1.8524,1.81,1.84,27.6,44100,0.0,1.0
2017-05-03,1.81,1.8608,1.81,1.81,27.15,33138,0.0,1.0
2017-05-02,1.86,1.8644,1.82,1.83,27.45,33895,0.0,1.0
2017-05-01,1.88,1.88,1.81,1.85,27.75,80503,0.0,1.0
2017-04-28,1.8902,1.9,1.88,1.89,28.35,30397,0.0,1.0
2017-04-27,1.91,1.91,1.85,1.91,28.65,33080,0.0,1.0
2017-04-26,1.85,1.93,1.83,1.92,28.8,144669,0.0,1.0
2017-04-25,2.16,2.19,1.85,1.88,28.2,2222038,0.0,1.0
2017-04-24,1.8,1.89,1.75,1.82,27.3,52654,0.0,1.0
2017-04-21,1.83,1.83,1.8,1.81,27.15,32941,0.0,1.0
2017-04-20,1.83,1.878,1.83,1.85,27.75,19400,0.0,1.0
2017-04-19,1.86,1.87,1.84,1.86,27.9,12065,0.0,1.0
2017-04-18,1.84,1.8918,1.83,1.86,27.9,39689,0.0,1.0
2017-04-17,1.84,1.85,1.82,1.84,27.6,14775,0.0,1.0
2017-04-13,1.84,1.88,1.84,1.84,27.6,24804,0.0,1.0
2017-04-12,1.88,1.8815,1.83,1.83,27.45,27593,0.0,1.0
2017-04-11,1.85,1.891,1.85,1.88,28.2,19020,0.0,1.0
2017-04-10,1.88,1.89,1.85,1.8578,27.867,32499,0.0,1.0
2017-04-07,1.89,1.9,1.8766,1.882,28.23,7075,0.0,1.0
2017-04-06,1.91,1.91,1.865,1.91,28.65,29000,0.0,1.0
2017-04-05,1.91,1.93,1.88,1.885,28.275,38005,0.0,1.0
2017-04-04,1.93,1.93,1.89,1.91,28.65,10229,0.0,1.0
2017-04-03,1.94,1.94,1.884,1.92,28.8,27201,0.0,1.0
2017-03-31,1.96,1.97,1.89,1.91,28.65,15996,0.0,1.0
2017-03-30,1.9,1.9516,1.89,1.92,28.8,14052,0.0,1.0
2017-03-29,1.88,1.96,1.88,1.91,28.65,26973,0.0,1.0
2017-03-28,1.86,1.94,1.86,1.91,28.65,36011,0.0,1.0
2017-03-27,1.8952,1.9,1.85,1.88,28.2,44909,0.0,1.0
2017-03-24,1.9,1.96,1.87,1.89,28.35,24891,0.0,1.0
2017-03-23,1.86,1.89,1.85,1.87,28.05,28981,0.0,1.0
2017-03-22,1.87,1.94,1.84,1.88,28.2,47841,0.0,1.0
2017-03-21,1.96,1.98,1.89,1.93,28.95,40810,0.0,1.0
2017-03-20,1.98,1.98,1.91,1.96,29.4,27713,0.0,1.0
2017-03-17,1.9104,1.98,1.83,1.97,29.55,74525,0.0,1.0
2017-03-16,1.95,1.97,1.91,1.94,29.1,41980,0.0,1.0
2017-03-15,1.98,1.99,1.92,1.93,28.95,19801,0.0,1.0
2017-03-14,1.97,1.9992,1.97,1.99,29.85,14321,0.0,1.0
2017-03-13,1.98,2.0,1.97,1.98,29.7,65405,0.0,1.0
2017-03-10,1.98,2.001,1.965,1.99,29.85,23531,0.0,1.0
2017-03-09,1.95,2.0,1.95,1.982,29.73,32251,0.0,1.0
2017-03-08,2.01,2.01,1.95,1.97,29.55,36633,0.0,1.0
2017-03-07,2.01,2.01,1.99,2.0,30.0,18886,0.0,1.0
2017-03-06,2.0,2.04,1.99,1.99,29.85,23345,0.0,1.0
2017-03-03,2.03,2.0662,1.96,2.04,30.6,29865,0.0,1.0
2017-03-02,2.0,2.0795,1.99,2.06,30.9,60201,0.0,1.0
2017-03-01,1.94,2.02,1.94,2.01,30.15,55800,0.0,1.0
2017-02-28,2.09,2.1,1.91,1.95,29.25,205414,0.0,1.0
2017-02-27,1.96,1.97,1.927,1.9624,29.436,128906,0.0,1.0
2017-02-24,1.87,1.97,1.84,1.96,29.4,50956,0.0,1.0
2017-02-23,1.91,1.95,1.89,1.9,28.5,43168,0.0,1.0
2017-02-22,1.93,1.98,1.89,1.89,28.35,50805,0.0,1.0
2017-02-21,1.9999,2.0,1.92,1.95,29.25,68021,0.0,1.0
2017-02-17,1.96,1.99,1.95,1.98,29.7,34070,0.0,1.0
2017-02-16,1.99,2.01,1.96,1.98,29.7,50953,0.0,1.0
2017-02-15,1.98,2.0,1.95,1.98,29.7,50116,0.0,1.0
2017-02-14,1.96,1.99,1.95,1.97,29.55,57821,0.0,1.0
2017-02-13,1.98,2.03,1.95,1.96,29.4,65552,0.0,1.0
2017-02-10,2.01,2.04,1.91,2.0,30.0,235708,0.0,1.0
2017-02-09,1.89,2.0344,1.85,2.02,30.3,345440,0.0,1.0
2017-02-08,1.95,1.95,1.84,1.89,28.35,145185,0.0,1.0
2017-02-07,1.9,1.92,1.8,1.85,27.75,164048,0.0,1.0
2017-02-06,1.88,1.9099,1.85,1.89,28.35,42720,0.0,1.0
2017-02-03,1.91,1.91,1.85,1.87,28.05,28484,0.0,1.0
2017-02-02,1.88,1.9,1.83,1.87,28.05,105008,0.0,1.0
2017-02-01,1.81,1.8499,1.8,1.83,27.45,61656,0.0,1.0
2017-01-31,1.85,1.88,1.74,1.79,26.85,218738,0.0,1.0
2017-01-30,1.91,1.95,1.82,1.84,27.6,123818,0.0,1.0
2017-01-27,1.93,1.95,1.91,1.93,28.95,64700,0.0,1.0
2017-01-26,1.95,1.97,1.92,1.92,28.8,48591,0.0,1.0
2017-01-25,2.02,2.02,1.9,1.95,29.25,283201,0.0,1.0
2017-01-24,1.99,2.015,1.97,2.01,30.15,244993,0.0,1.0
2017-01-23,2.05,2.07,1.95,1.98,29.7,239450,0.0,1.0
2017-01-20,2.07,2.07,2.02,2.06,30.9,141313,0.0,1.0
2017-01-19,2.05,2.15,2.01,2.07,31.05,844076,0.0,1.0
2017-01-18,2.4,2.67,2.19,2.25,33.75,1111195,0.0,1.0
2017-01-17,2.4,2.43,2.36,2.395,35.925,79603,0.0,1.0
2017-01-13,2.4169,2.42,2.3494,2.36,35.4,24524,0.0,1.0
2017-01-12,2.39,2.44,2.31,2.4,36.0,24773,0.0,1.0
2017-01-11,2.4,2.44,2.34,2.36,35.4,21451,0.0,1.0
2017-01-10,2.44,2.49,2.33,2.45,36.75,28794,0.0,1.0
2017-01-09,2.45,2.49,2.4101,2.44,36.6,102838,0.0,1.0
2017-01-06,2.37,2.4789,2.33,2.44,36.6,52595,0.0,1.0
2017-01-05,2.42,2.43,2.351,2.39,35.85,40080,0.0,1.0
2017-01-04,2.4,2.45,2.37,2.39,35.85,14113,0.0,1.0
2017-01-03,2.4,2.43,2.33,2.38,35.7,34482,0.0,1.0
2016-12-30,2.41,2.49,2.37,2.38,35.7,44220,0.0,1.0
2016-12-29,2.4,2.49,2.34,2.46,36.9,32987,0.0,1.0
2016-12-28,2.45,2.472,2.3976,2.4289,36.4335,21536,0.0,1.0
2016-12-27,2.33,2.5358,2.309,2.42,36.3,97644,0.0,1.0
2016-12-23,2.43,2.44,2.39,2.42,36.3,40218,0.0,1.0
2016-12-22,2.33,2.51,2.33,2.43,36.45,69104,0.0,1.0
2016-12-21,2.35,2.37,2.3,2.3699,35.5485,69459,0.0,1.0
2016-12-20,2.3,2.39,2.28,2.38,35.7,63336,0.0,1.0
2016-12-19,2.31,2.41,2.28,2.33,34.95,50153,0.0,1.0
2016-12-16,2.25,2.45,2.16,2.33,34.95,466222,0.0,1.0
2016-12-15,2.13,2.19,2.12,2.14,32.1,33571,0.0,1.0
2016-12-14,2.02,2.1599,2.02,2.1599,32.3985,35077,0.0,1.0
2016-12-13,2.03,2.11,1.96,2.0,30.0,96162,0.0,1.0
2016-12-12,2.15,2.23,2.06,2.11,31.65,33848,0.0,1.0
2016-12-09,2.09,2.2,2.09,2.2,33.0,15286,0.0,1.0
2016-12-08,2.2,2.2,2.12,2.12,31.8,39063,0.0,1.0
2016-12-07,2.2299,2.2299,2.12,2.16,32.4,52696,0.0,1.0
2016-12-06,2.2,2.25,2.17,2.23,33.45,28699,0.0,1.0
2016-12-05,2.17,2.3,2.16,2.18,32.7,65587,0.0,1.0
2016-12-02,2.15,2.2,2.1,2.2,33.0,24008,0.0,1.0
2016-12-01,2.18,2.22,2.15,2.15,32.25,63120,0.0,1.0
2016-11-30,2.27,2.289,2.2,2.2,33.0,28892,0.0,1.0
2016-11-29,2.3,2.3,2.25,2.2601,33.9015,4345,0.0,1.0
2016-11-28,2.32,2.32,2.21,2.3,34.5,29517,0.0,1.0
2016-11-25,2.16,2.33,2.1139,2.33,34.95,19414,0.0,1.0
2016-11-23,2.2,2.2766,2.1,2.16,32.4,57472,0.0,1.0
2016-11-22,2.23,2.2513,2.16,2.2099,33.1485,48980,0.0,1.0
2016-11-21,2.35,2.35,2.2,2.2,33.0,38421,0.0,1.0
2016-11-18,2.35,2.3646,2.21,2.32,34.8,36860,0.0,1.0
2016-11-17,2.33,2.37,2.2334,2.32,34.8,20436,0.0,1.0
2016-11-16,2.29,2.366,2.21,2.32,34.8,81839,0.0,1.0
2016-11-15,2.23,2.34,2.22,2.33,34.95,12615,0.0,1.0
2016-11-14,2.36,2.36,2.2,2.2,33.0,38397,0.0,1.0
2016-11-11,2.22,2.37,2.17,2.35,35.25,40799,0.0,1.0
2016-11-10,2.25,2.2922,2.22,2.26,33.9,30022,0.0,1.0
2016-11-09,2.4,2.4,2.17,2.24,33.6,36515,0.0,1.0
2016-11-08,2.23,2.29,2.1,2.13,31.95,66179,0.0,1.0
2016-11-07,2.29,2.33,2.21,2.25,33.75,43246,0.0,1.0
2016-11-04,2.27,2.38,2.1909,2.34,35.1,70271,0.0,1.0
2016-11-03,2.33,2.3899,2.17,2.28,34.2,107637,0.0,1.0
2016-11-02,2.38,2.4,2.21,2.338,35.07,44961,0.0,1.0
2016-11-01,2.391,2.5,2.32,2.38,35.7,75858,0.0,1.0
2016-10-31,2.3536,2.42,2.32,2.42,36.3,6922,0.0,1.0
2016-10-28,2.5,2.5,2.26,2.35,35.25,53952,0.0,1.0
2016-10-27,2.35,2.5,2.26,2.5,37.5,90679,0.0,1.0
2016-10-26,2.34,2.39,2.2688,2.33,34.95,47836,0.0,1.0
2016-10-25,2.45,2.48,2.3,2.35,35.25,57208,0.0,1.0
2016-10-24,2.38,2.42,2.33,2.42,36.3,28124,0.0,1.0
2016-10-21,2.36,2.4465,2.3301,2.38,35.7,32688,0.0,1.0
2016-10-20,2.43,2.445,2.36,2.42,36.3,15809,0.0,1.0
2016-10-19,2.45,2.45,2.34,2.41,36.15,84597,0.0,1.0
2016-10-18,2.42,2.48,2.4,2.45,36.75,18598,0.0,1.0
2016-10-17,2.45,2.49,2.36,2.4,36.0,19013,0.0,1.0
2016-10-14,2.52,2.53,2.3601,2.44,36.6,39414,0.0,1.0
2016-10-13,2.45,2.56,2.44,2.51,37.65,16846,0.0,1.0
2016-10-12,2.5,2.56,2.42,2.4838,37.257,23201,0.0,1.0
2016-10-11,2.59,2.59,2.42,2.47,37.05,50563,0.0,1.0
2016-10-10,2.5,2.63,2.47,2.58,38.7,76772,0.0,1.0
2016-10-07,2.56,2.5935,2.4,2.5,37.5,55652,0.0,1.0
2016-10-06,2.68,2.68,2.55,2.59,38.85,63496,0.0,1.0
2016-10-05,2.61,2.69,2.58,2.68,40.2,40803,0.0,1.0
2016-10-04,2.66,2.7111,2.57,2.62,39.3,59833,0.0,1.0
2016-10-03,2.659,2.68,2.56,2.59,38.85,24478,0.0,1.0
2016-09-30,2.6,2.74,2.5692,2.62,39.3,41681,0.0,1.0
2016-09-29,2.77,2.79,2.52,2.5601,38.4015,128486,0.0,1.0
2016-09-28,2.63,2.78,2.63,2.7201,40.8015,91843,0.0,1.0
2016-09-27,2.66,2.75,2.62,2.69,40.35,75924,0.0,1.0
2016-09-26,2.69,2.69,2.55,2.6,39.0,55428,0.0,1.0
2016-09-23,2.63,2.709,2.55,2.63,39.45,77519,0.0,1.0
2016-09-22,2.62,2.7795,2.501,2.68,40.2,183061,0.0,1.0
2016-09-21,2.6,2.64,2.5,2.62,39.3,100296,0.0,1.0
2016-09-20,2.82,2.82,2.48,2.52,37.8,1107436,0.0,1.0
2016-09-19,2.31,2.4,2.24,2.38,35.7,40658,0.0,1.0
2016-09-16,2.31,2.38,2.245,2.31,34.65,62215,0.0,1.0
2016-09-15,2.3967,2.4,2.22,2.28,34.2,25712,0.0,1.0
2016-09-14,2.3912,2.4059,2.27,2.28,34.2,94371,0.0,1.0
2016-09-13,2.42,2.49,2.356,2.36,35.4,55179,0.0,1.0
2016-09-12,2.3,2.4522,2.3,2.38,35.7,40558,0.0,1.0
2016-09-09,2.32,2.39,2.3,2.35,35.25,46033,0.0,1.0
2016-09-08,2.52,2.52,2.35,2.3896,35.844,43948,0.0,1.0
2016-09-07,2.4195,2.55,2.4195,2.51,37.65,84154,0.0,1.0
2016-09-06,2.4194,2.4718,2.39,2.43,36.45,83341,0.0,1.0
2016-09-02,2.57,2.57,2.3,2.36,35.4,189673,0.0,1.0
2016-09-01,2.47,2.5,2.42,2.47,37.05,65318,0.0,1.0
2016-08-31,2.66,2.66,2.47,2.48,37.2,116091,0.0,1.0
2016-08-30,2.5,2.65,2.38,2.61,39.15,277964,0.0,1.0
2016-08-29,2.57,2.57,2.34,2.5,37.5,515559,0.0,1.0
2016-08-26,2.4,2.4143,2.31,2.4,36.0,45473,0.0,1.0
2016-08-25,2.45,2.4999,2.3401,2.37,35.55,60848,0.0,1.0
2016-08-24,2.35,2.55,2.33,2.46,36.9,225548,0.0,1.0
2016-08-23,2.49,2.49,2.3,2.37,35.55,82475,0.0,1.0
2016-08-22,2.2,2.5272,2.2,2.44,36.6,439930,0.0,1.0
2016-08-19,2.2376,2.2599,2.21,2.23,33.45,11600,0.0,1.0
2016-08-18,2.22,2.28,2.21,2.25,33.75,20166,0.0,1.0
2016-08-17,2.19,2.29,2.19,2.22,33.3,27876,0.0,1.0
2016-08-16,2.229,2.2779,2.2,2.21,33.15,15629,0.0,1.0
2016-08-15,2.19,2.3,2.19,2.25,33.75,33633,0.0,1.0
2016-08-12,2.2,2.25,2.1853,2.19,32.85,27296,0.0,1.0
2016-08-11,2.16,2.196,2.15,2.17,32.55,34798,0.0,1.0
2016-08-10,2.21,2.21,2.16,2.18,32.7,19130,0.0,1.0
2016-08-09,2.17,2.2161,2.16,2.18,32.7,36537,0.0,1.0
2016-08-08,2.24,2.24,2.17,2.19,32.85,44621,0.0,1.0
2016-08-05,2.14,2.1999,2.11,2.14,32.1,46371,0.0,1.0
2016-08-04,2.15,2.159,2.05,2.1,31.5,36060,0.0,1.0
2016-08-03,2.07,2.135,2.06,2.12,31.8,92270,0.0,1.0
2016-08-02,2.07,2.12,2.0501,2.07,31.05,26711,0.0,1.0
2016-08-01,2.12,2.14,2.09,2.1,31.5,30769,0.0,1.0
2016-07-29,2.0745,2.1057,2.05,2.1,31.5,32010,0.0,1.0
2016-07-28,2.1201,2.14,2.06,2.07,31.05,57562,0.0,1.0
2016-07-27,2.1772,2.18,2.11,2.11,31.65,16794,0.0,1.0
2016-07-26,2.18,2.18,2.08,2.1346,32.019,59325,0.0,1.0
2016-07-25,2.14,2.21,2.11,2.13,31.95,60274,0.0,1.0
2016-07-22,2.17,2.19,2.08,2.09,31.35,69097,0.0,1.0
2016-07-21,2.2,2.26,2.161,2.2,33.0,93662,0.0,1.0
2016-07-20,2.17,2.28,2.17,2.21,33.15,100080,0.0,1.0
2016-07-19,2.26,2.26,2.04,2.2,33.0,128274,0.0,1.0
2016-07-18,2.17,2.2598,2.15,2.23,33.45,50392,0.0,1.0
2016-07-15,2.17,2.24,2.15,2.17,32.55,78203,0.0,1.0
2016-07-14,2.21,2.25,2.18,2.21,33.15,52251,0.0,1.0
2016-07-13,2.28,2.29,2.19,2.21,33.15,63556,0.0,1.0
2016-07-12,2.39,2.39,2.23,2.28,34.2,69646,0.0,1.0
2016-07-11,2.26,2.4,2.24,2.29,34.35,72898,0.0,1.0
2016-07-08,2.24,2.42,2.24,2.28,34.2,140578,0.0,1.0
2016-07-07,2.27,2.33,2.25,2.25,33.75,100021,0.0,1.0
2016-07-06,2.23,2.27,2.18,2.23,33.45,71549,0.0,1.0
2016-07-05,2.09,2.28,2.01,2.11,31.65,605292,0.0,1.0
2016-07-01,2.61,2.66,2.53,2.63,39.45,48726,0.0,1.0
2016-06-30,2.55,2.75,2.55,2.555,38.325,49452,0.0,1.0
2016-06-29,2.63,2.65,2.52,2.59,38.85,90957,0.0,1.0
2016-06-28,2.65,2.65,2.5,2.61,39.15,60662,0.0,1.0
2016-06-27,2.57,2.5706,2.51,2.545,38.175,97893,0.0,1.0
2016-06-24,2.56,2.6899,2.56,2.6001,39.0015,67164,0.0,1.0
2016-06-23,2.6996,2.75,2.66,2.67,40.05,24802,0.0,1.0
2016-06-22,2.78,2.78,2.66,2.67,40.05,19341,0.0,1.0
2016-06-21,2.62,2.81,2.6,2.81,42.15,73374,0.0,1.0
2016-06-20,2.6501,2.72,2.64,2.67,40.05,32376,0.0,1.0
2016-06-17,2.75,2.8,2.6,2.62,39.3,113244,0.0,1.0
2016-06-16,2.65,2.78,2.62,2.78,41.7,46336,0.0,1.0
2016-06-15,2.88,2.92,2.61,2.67,40.05,287586,0.0,1.0
2016-06-14,2.72,2.7663,2.5,2.68,40.2,129111,0.0,1.0
2016-06-13,2.7401,2.8099,2.72,2.75,41.25,47508,0.0,1.0
2016-06-10,2.87,2.87,2.71,2.81,42.15,73143,0.0,1.0
2016-06-09,2.9,2.9,2.85,2.86,42.9,28432,0.0,1.0
2016-06-08,2.91,2.9998,2.82,2.95,44.25,117264,0.0,1.0
2016-06-07,2.95,3.029,2.88,2.97,44.55,88570,0.0,1.0
2016-06-06,3.1,3.16,2.95,3.0,45.0,237960,0.0,1.0
2016-06-03,2.86,3.1,2.85,3.0699,46.0485,287410,0.0,1.0
2016-06-02,2.96,2.96,2.84,2.9,43.5,70454,0.0,1.0
2016-06-01,2.96,3.09,2.76,2.96,44.4,340141,0.0,1.0
2016-05-31,2.73,2.89,2.73,2.87,43.05,45710,0.0,1.0
2016-05-27,2.82,2.85,2.7201,2.79,41.85,37482,0.0,1.0
2016-05-26,2.69,2.88,2.6,2.77,41.55,105309,0.0,1.0
2016-05-25,2.78,2.93,2.7,2.7,40.5,106795,0.0,1.0
2016-05-24,2.68,2.94,2.6795,2.81,42.15,302665,0.0,1.0
2016-05-23,2.73,2.76,2.61,2.76,41.4,49919,0.0,1.0
2016-05-20,2.5,2.6599,2.5,2.64,39.6,166462,0.0,1.0
2016-05-19,2.56,2.61,2.5101,2.5101,37.6515,41170,0.0,1.0
2016-05-18,2.55,2.71,2.55,2.62,39.3,54279,0.0,1.0
2016-05-17,2.68,2.68,2.55,2.63,39.45,63284,0.0,1.0
2016-05-16,2.58,2.65,2.58,2.63,39.45,43099,0.0,1.0
2016-05-13,2.41,2.6,2.41,2.55,38.25,37200,0.0,1.0
2016-05-12,2.67,2.67,2.5,2.54,38.1,122143,0.0,1.0
2016-05-11,2.7501,2.824,2.61,2.6962,40.443,24698,0.0,1.0
2016-05-10,2.801,2.801,2.65,2.75,41.25,40642,0.0,1.0
2016-05-09,2.74,2.78,2.65,2.74,41.1,70408,0.0,1.0
2016-05-06,2.58,2.75,2.58,2.7343,41.0145,52534,0.0,1.0
2016-05-05,2.62,2.792,2.6,2.6,39.0,83702,0.0,1.0
2016-05-04,2.8,2.89,2.62,2.63,39.45,107729,0.0,1.0
2016-05-03,2.8,2.9,2.8,2.83,42.45,49153,0.0,1.0
2016-05-02,2.98,2.98,2.84,2.9,43.5,63130,0.0,1.0
2016-04-29,2.84,2.92,2.84,2.84,42.6,58869,0.0,1.0
2016-04-28,2.91,2.9696,2.88,2.89,43.35,37560,0.0,1.0
2016-04-27,3.06,3.06,2.85,2.91,43.65,127291,0.0,1.0
2016-04-26,2.96,3.08,2.9,3.04,45.6,90406,0.0,1.0
2016-04-25,3.11,3.171,3.02,3.02,45.3,52339,0.0,1.0
2016-04-22,2.94,3.15,2.869,3.09,46.35,231059,0.0,1.0
2016-04-21,2.92,2.95,2.84,2.93,43.95,57796,0.0,1.0
2016-04-20,2.9,2.9571,2.87,2.92,43.8,52129,0.0,1.0
2016-04-19,3.05,3.1,2.83,2.95,44.25,103388,0.0,1.0
2016-04-18,3.12,3.14,3.01,3.01,45.15,93527,0.0,1.0
2016-04-15,3.09,3.1899,3.0,3.07,46.05,126400,0.0,1.0
2016-04-14,3.15,3.19,3.09,3.14,47.1,67317,0.0,1.0
2016-04-13,3.15,3.25,3.06,3.17,47.55,207564,0.0,1.0
2016-04-12,3.4,3.4,3.04,3.14,47.1,434826,0.0,1.0
2016-04-11,3.45,3.59,3.22,3.35,50.25,2752863,0.0,1.0
2016-04-08,3.0,3.15,2.91,3.1,46.5,129121,0.0,1.0
2016-04-07,3.05,3.1099,2.916,3.05,45.75,194155,0.0,1.0
2016-04-06,2.8,3.25,2.7699,3.11,46.65,792354,0.0,1.0
2016-04-05,2.83,2.89,2.71,2.79,41.85,168105,0.0,1.0
2016-04-04,2.73,3.0,2.7,2.73,40.95,237914,0.0,1.0
2016-04-01,2.83,2.8394,2.67,2.77,41.55,109925,0.0,1.0
2016-03-31,2.71,2.8,2.71,2.79,41.85,40033,0.0,1.0
2016-03-30,2.69,2.75,2.58,2.71,40.65,68860,0.0,1.0
2016-03-29,2.65,2.7899,2.63,2.72,40.8,82895,0.0,1.0
2016-03-28,2.88,2.9183,2.65,2.74,41.1,160617,0.0,1.0
2016-03-24,2.69,2.93,2.5501,2.93,43.95,207518,0.0,1.0
2016-03-23,2.77,3.1,2.5508,2.69,40.35,588074,0.0,1.0
2016-03-22,2.38,2.8499,2.38,2.7,40.5,637091,0.0,1.0
2016-03-21,2.32,2.45,2.32,2.38,35.7,168213,0.0,1.0
2016-03-18,2.3308,2.41,2.27,2.38,35.7,67052,0.0,1.0
2016-03-17,2.45,2.45,2.32,2.37,35.55,182960,0.0,1.0
2016-03-16,2.27,2.37,2.23,2.34,35.1,62339,0.0,1.0
2016-03-15,2.33,2.39,2.25,2.31,34.65,59499,0.0,1.0
2016-03-14,2.35,2.4,2.27,2.37,35.55,148731,0.0,1.0
2016-03-11,2.29,2.36,2.22,2.28,34.2,57803,0.0,1.0
2016-03-10,2.235,2.28,2.11,2.2,33.0,65239,0.0,1.0
2016-03-09,2.3749,2.38,2.21,2.28,34.2,85515,0.0,1.0
2016-03-08,2.58,2.58,2.27,2.325,34.875,78930,0.0,1.0
2016-03-07,2.48,2.5334,2.39,2.42,36.3,101857,0.0,1.0
2016-03-04,2.46,2.46,2.26,2.43,36.45,101814,0.0,1.0
2016-03-03,2.4,2.52,2.29,2.39,35.85,242965,0.0,1.0
2016-03-02,2.1995,2.34,2.18,2.3,34.5,145097,0.0,1.0
2016-03-01,2.1305,2.1999,2.1,2.16,32.4,32910,0.0,1.0
2016-02-29,2.18,2.1895,2.1,2.11,31.65,58048,0.0,1.0
2016-02-26,2.23,2.2799,2.13,2.17,32.55,83315,0.0,1.0
2016-02-25,2.12,2.2399,2.1,2.22,33.3,63690,0.0,1.0
2016-02-24,2.17,2.2599,2.05,2.14,32.1,63561,0.0,1.0
2016-02-23,2.19,2.2568,2.13,2.16,32.4,39063,0.0,1.0
2016-02-22,2.3,2.352,2.13,2.21,33.15,104559,0.0,1.0
2016-02-19,2.34,2.34,2.2,2.26,33.9,44851,0.0,1.0
2016-02-18,2.26,2.41,2.25,2.32,34.8,101124,0.0,1.0
2016-02-17,2.06,2.51,2.06,2.28,34.2,177862,0.0,1.0
2016-02-16,2.05,2.15,2.05,2.14,32.1,58903,0.0,1.0
2016-02-12,1.98,2.05,1.96,2.05,30.75,56892,0.0,1.0
2016-02-11,1.95,2.01,1.9,1.95,29.25,133420,0.0,1.0
2016-02-10,2.03,2.08,1.96,2.0,30.0,69949,0.0,1.0
2016-02-09,2.0,2.07,1.95,2.0,30.0,120172,0.0,1.0
2016-02-08,2.15,2.1525,2.0,2.04,30.6,129193,0.0,1.0
2016-02-05,2.213,2.213,2.15,2.1683,32.5245,71425,0.0,1.0
2016-02-04,2.06,2.28,2.06,2.13,31.95,207620,0.0,1.0
2016-02-03,2.13,2.13,2.0101,2.08,31.2,94416,0.0,1.0
2016-02-02,2.16,2.2,2.12,2.12,31.8,45972,0.0,1.0
2016-02-01,2.12,2.21,2.114,2.21,33.15,77892,0.0,1.0
2016-01-29,2.17,2.25,2.13,2.2,33.0,56965,0.0,1.0
2016-01-28,2.19,2.22,2.12,2.2,33.0,49273,0.0,1.0
2016-01-27,2.14,2.23,2.14,2.19,32.85,76447,0.0,1.0
2016-01-26,2.15,2.25,2.1,2.23,33.45,98337,0.0,1.0
2016-01-25,2.19,2.25,2.16,2.17,32.55,118793,0.0,1.0
2016-01-22,2.15,2.279,2.15,2.16,32.4,151965,0.0,1.0
2016-01-21,1.91,2.17,1.91,2.14,32.1,195552,0.0,1.0
2016-01-20,1.99,2.01,1.88,2.0,30.0,360510,0.0,1.0
2016-01-19,2.34,2.34,2.01,2.04,30.6,525038,0.0,1.0
2016-01-15,2.03,2.03,1.85,1.99,29.85,258559,0.0,1.0
2016-01-14,2.16,2.2378,2.0,2.11,31.65,380234,0.0,1.0
2016-01-13,2.36,2.48,2.21,2.29,34.35,203095,0.0,1.0
2016-01-12,2.41,2.5,2.29,2.4,36.0,165414,0.0,1.0
2016-01-11,2.64,2.64,2.28,2.4,36.0,221917,0.0,1.0
2016-01-08,2.64,2.67,2.35,2.4,36.0,296253,0.0,1.0
2016-01-07,2.79,2.79,2.5,2.5,37.5,385172,0.0,1.0
2016-01-06,2.87,2.87,2.77,2.8,42.0,193280,0.0,1.0
2016-01-05,3.05,3.05,2.81,2.85,42.75,233858,0.0,1.0
2016-01-04,2.91,2.949,2.85,2.85,42.75,195043,0.0,1.0
2015-12-31,2.91,2.99,2.91,2.92,43.8,93458,0.0,1.0
2015-12-30,2.98,3.018,2.92,2.92,43.8,152657,0.0,1.0
2015-12-29,3.08,3.11,2.97,3.0,45.0,191258,0.0,1.0
2015-12-28,3.12,3.228,3.08,3.13,46.95,133331,0.0,1.0
2015-12-24,3.1,3.18,3.1,3.17,47.55,38818,0.0,1.0
2015-12-23,3.06,3.14,3.06,3.14,47.1,83624,0.0,1.0
2015-12-22,3.05,3.18,3.05,3.06,45.9,150410,0.0,1.0
2015-12-21,3.08,3.171,3.03,3.12,46.8,156040,0.0,1.0
2015-12-18,3.08,3.12,3.0,3.05,45.75,140117,0.0,1.0
2015-12-17,3.21,3.21,3.0,3.03,45.45,311961,0.0,1.0
2015-12-16,2.9,2.99,2.85,2.99,44.85,132880,0.0,1.0
2015-12-15,2.87,2.92,2.87,2.91,43.65,113384,0.0,1.0
2015-12-14,3.01,3.01,2.82,2.86,42.9,247321,0.0,1.0
2015-12-11,3.12,3.15,2.97,3.04,45.6,212852,0.0,1.0
2015-12-10,3.0,3.1701,2.92,3.15,47.25,432319,0.0,1.0
2015-12-09,3.08,3.08,2.9,2.97,44.55,228959,0.0,1.0
2015-12-08,3.06,3.13,3.02,3.1,46.5,148170,0.0,1.0
2015-12-07,3.25,3.2977,3.02,3.1,46.5,280304,0.0,1.0
2015-12-04,3.28,3.29,3.11,3.26,48.9,210746,0.0,1.0
2015-12-03,3.39,3.45,3.05,3.34,50.1,381615,0.0,1.0
2015-12-02,3.51,3.5399,3.37,3.45,51.75,278762,0.0,1.0
2015-12-01,3.64,3.66,3.41,3.55,53.25,463596,0.0,1.0
2015-11-30,3.36,3.5792,3.33,3.5,52.5,1121586,0.0,1.0
2015-11-27,3.68,3.74,3.16,3.23,48.45,988208,0.0,1.0
2015-11-25,3.07,3.45,3.07,3.38,50.7,893209,0.0,1.0
2015-11-24,3.24,3.3,2.99,3.07,46.05,1345871,0.0,1.0
2015-11-23,3.64,3.89,3.25,3.39,50.85,14278314,0.0,1.0
2015-11-20,2.63,2.71,2.58,2.64,39.6,269074,0.0,1.0
2015-11-19,2.63,2.77,2.63,2.71,40.65,184648,0.0,1.0
2015-11-18,2.67,2.71,2.55,2.68,40.2,296648,0.0,1.0
2015-11-17,2.9,2.9095,2.6199,2.64,39.6,539678,0.0,1.0
2015-11-16,2.95,3.02,2.77,2.91,43.65,458328,0.0,1.0
2015-11-13,2.92,3.0899,2.92,3.03,45.45,162732,0.0,1.0
2015-11-12,3.06,3.06,2.92,3.0,45.0,214210,0.0,1.0
2015-11-11,3.07,3.15,3.01,3.06,45.9,256845,0.0,1.0
2015-11-10,3.21,3.21,3.053,3.15,47.25,133002,0.0,1.0
2015-11-09,3.11,3.2,3.01,3.2,48.0,504354,0.0,1.0
2015-11-06,3.25,3.25,3.12,3.17,47.55,212151,0.0,1.0
2015-11-05,3.3,3.46,3.14,3.27,49.05,533924,0.0,1.0
2015-11-04,3.32,3.56,3.29,3.36,50.4,580200,0.0,1.0
2015-11-03,3.49,3.54,3.35,3.4,51.0,293300,0.0,1.0
2015-11-02,3.26,3.4429,3.26,3.43,51.45,427642,0.0,1.0
2015-10-30,3.12,3.34,3.04,3.33,49.95,433405,0.0,1.0
2015-10-29,3.13,3.35,3.1,3.15,47.25,427827,0.0,1.0
2015-10-28,3.04,3.45,2.95,3.22,48.3,1056149,0.0,1.0
2015-10-27,3.32,3.38,2.91,2.98,44.7,907351,0.0,1.0
2015-10-26,3.53,3.57,3.31,3.38,50.7,638480,0.0,1.0
2015-10-23,3.52,3.61,3.35,3.61,54.15,542380,0.0,1.0
2015-10-22,3.97,4.05,3.41,3.52,52.8,3122936,0.0,1.0
2015-10-21,3.72,3.7999,3.45,3.6,54.0,708730,0.0,1.0
2015-10-20,3.94,3.99,3.59,3.66,54.9,980101,0.0,1.0
2015-10-19,4.0,4.18,3.89,3.98,59.7,784390,0.0,1.0
2015-10-16,4.16,4.2,4.05,4.15,62.25,391293,0.0,1.0
2015-10-15,4.12,4.2,4.0,4.18,62.7,902645,0.0,1.0
2015-10-14,4.19,4.25,4.02,4.12,61.8,1028874,0.0,1.0
2015-10-13,4.36,4.46,4.1,4.24,63.6,3605567,0.0,1.0
2015-10-12,4.97,5.3,4.545,4.66,69.9,13121820,0.0,1.0
2015-10-09,4.18,4.38,3.93,4.2,63.0,1729756,0.0,1.0
2015-10-08,4.43,4.67,4.1,4.27,64.05,1889842,0.0,1.0
2015-10-07,4.43,4.85,4.2911,4.55,68.25,5184454,0.0,1.0
2015-10-06,3.75,4.27,3.6,4.12,61.8,3333137,0.0,1.0
2015-10-05,3.62,3.84,3.44,3.59,53.85,924581,0.0,1.0
2015-10-02,3.62,3.85,3.5,3.7,55.5,875955,0.0,1.0
2015-10-01,4.11,4.1132,3.52,3.83,57.45,1537264,0.0,1.0
2015-09-30,4.21,4.47,3.95,4.14,62.1,1492665,0.0,1.0
2015-09-29,4.14,4.6,3.82,4.1,61.5,2463605,0.0,1.0
2015-09-28,4.65,4.9,3.76,3.81,57.15,2641715,0.0,1.0
2015-09-25,5.35,5.45,4.66,4.75,71.25,5977896,0.0,1.0
2015-09-24,4.96,5.78,4.67,5.02,75.3,9172423,0.0,1.0
2015-09-23,4.25,5.59,4.04,5.24,78.6,16592788,0.0,1.0
2015-09-22,3.92,4.64,3.77,4.04,60.6,8278582,0.0,1.0
2015-09-21,4.54,4.7,3.61,3.65,54.75,8254135,0.0,1.0
2015-09-18,4.47,7.85,3.81,4.9,73.5,40699384,0.0,1.0
2015-09-17,2.38,3.28,2.1,3.28,49.2,12632682,0.0,1.0
2015-09-16,1.7499,1.8299,1.62,1.68,25.2,24965,0.0,1.0
2015-09-15,1.8,1.8,1.61,1.72,25.8,6365,0.0,1.0
2015-09-14,1.64,1.7999,1.64,1.7,25.5,6036,0.0,1.0
2015-09-11,1.84,1.84,1.68,1.7,25.5,34219,0.0,1.0
2015-09-10,1.75,1.83,1.7,1.79,26.85,9632,0.0,1.0
2015-09-09,1.78,1.84,1.75,1.78,26.7,21246,0.0,1.0
2015-09-08,1.8399,1.84,1.81,1.81,27.15,16202,0.0,1.0
2015-09-04,1.73,1.89,1.7,1.79,26.85,18296,0.0,1.0
2015-09-03,1.76,1.902,1.7,1.7,25.5,23141,0.0,1.0
2015-09-02,1.75,1.78,1.71,1.76,26.4,17001,0.0,1.0
2015-09-01,1.62,1.77,1.62,1.77,26.55,11421,0.0,1.0
2015-08-31,1.63,1.9099,1.62,1.77,26.55,66423,0.0,1.0
2015-08-28,1.6,1.72,1.6,1.71,25.65,11764,0.0,1.0
2015-08-27,1.58,1.6599,1.52,1.61,24.15,33441,0.0,1.0
2015-08-26,1.6,1.7099,1.58,1.6799,25.1985,8435,0.0,1.0
2015-08-25,1.73,1.73,1.64,1.72,25.8,25939,0.0,1.0
2015-08-24,1.69,1.6999,1.46,1.68,25.2,58924,0.0,1.0
2015-08-21,1.73,1.741,1.69,1.6999,25.4985,28676,0.0,1.0
2015-08-20,1.73,1.78,1.72,1.7232,25.848,41156,0.0,1.0
2015-08-19,1.78,1.8599,1.7,1.85,27.75,9961,0.0,1.0
2015-08-18,1.75,1.8899,1.74,1.84,27.6,14093,0.0,1.0
2015-08-17,1.76,1.84,1.71,1.7901,26.8515,8460,0.0,1.0
2015-08-14,1.7299,1.77,1.7,1.77,26.55,15811,0.0,1.0
2015-08-13,1.7392,1.75,1.7,1.7,25.5,7115,0.0,1.0
2015-08-12,1.69,1.764,1.69,1.7,25.5,21561,0.0,1.0
2015-08-11,1.7,1.79,1.69,1.77,26.55,29874,0.0,1.0
2015-08-10,1.76,1.81,1.7,1.7,25.5,46676,0.0,1.0
2015-08-07,1.8,1.8999,1.71,1.76,26.4,72004,0.0,1.0
2015-08-06,1.896,1.896,1.8,1.8299,27.4485,52514,0.0,1.0
2015-08-05,1.97,2.0,1.8,1.8799,28.1985,64088,0.0,1.0
2015-08-04,1.92,1.99,1.92,1.94,29.1,11770,0.0,1.0
2015-08-03,1.96,2.0,1.9,1.91,28.65,13150,0.0,1.0
2015-07-31,1.9436,1.96,1.87,1.96,29.4,26550,0.0,1.0
2015-07-30,2.009,2.009,1.8799,1.91,28.65,34170,0.0,1.0
2015-07-29,1.98,2.04,1.93,1.98,29.7,48932,0.0,1.0
2015-07-28,2.06,2.06,1.9,1.9301,28.9515,73649,0.0,1.0
2015-07-27,1.94,2.0,1.866,1.89,28.35,60149,0.0,1.0
2015-07-24,2.02,2.09,1.93,1.93,28.95,103503,0.0,1.0
2015-07-23,1.94,2.55,1.9,2.01,30.15,1004171,0.0,1.0
2015-07-22,1.976,1.976,1.92,1.97,29.55,13635,0.0,1.0
2015-07-21,2.0,2.0,1.863,1.92,28.8,47848,0.0,1.0
2015-07-20,1.98,2.0,1.92,1.92,28.8,22193,0.0,1.0
2015-07-17,1.98,2.03,1.96,1.99,29.85,11416,0.0,1.0
2015-07-16,2.07,2.0899,1.94,2.03,30.45,18058,0.0,1.0
2015-07-15,2.0999,2.1199,2.01,2.03,30.45,12273,0.0,1.0
2015-07-14,2.05,2.1,2.05,2.06,30.9,8125,0.0,1.0
2015-07-13,2.01,2.1,2.01,2.03,30.45,17105,0.0,1.0
2015-07-10,1.97,2.0599,1.92,2.0,30.0,61891,0.0,1.0
2015-07-09,2.0,2.0699,1.91,1.91,28.65,121349,0.0,1.0
2015-07-08,2.0607,2.0699,1.94,1.97,29.55,84051,0.0,1.0
2015-07-07,2.09,2.15,2.02,2.07,31.05,60649,0.0,1.0
2015-07-06,2.1,2.17,2.1,2.16,32.4,32115,0.0,1.0
2015-07-02,2.17,2.2199,2.139,2.17,32.55,83220,0.0,1.0
2015-07-01,2.2216,2.23,2.17,2.17,32.55,28011,0.0,1.0
2015-06-30,2.232,2.232,2.1,2.19,32.85,68564,0.0,1.0
2015-06-29,2.3187,2.33,2.2,2.22,33.3,91619,0.0,1.0
2015-06-26,2.4001,2.4001,2.28,2.28,34.2,48529,0.0,1.0
2015-06-25,2.45,2.46,2.36,2.38,35.7,31443,0.0,1.0
2015-06-24,2.44,2.47,2.38,2.41,36.15,80439,0.0,1.0
2015-06-23,2.33,2.48,2.3,2.41,36.15,110555,0.0,1.0
2015-06-22,2.32,2.36,2.27,2.31,34.65,74581,0.0,1.0
2015-06-19,2.33,2.36,2.26,2.29,34.35,30802,0.0,1.0
2015-06-18,2.29,2.3199,2.28,2.3,34.5,30845,0.0,1.0
2015-06-17,2.27,2.32,2.26,2.26,33.9,57425,0.0,1.0
2015-06-16,2.29,2.39,2.25,2.25,33.75,85569,0.0,1.0
2015-06-15,2.25,2.31,2.24,2.29,34.35,104446,0.0,1.0
2015-06-12,2.3,2.35,2.25,2.31,34.65,101132,0.0,1.0
2015-06-11,2.33,2.41,2.27,2.27,34.05,148789,0.0,1.0
2015-06-10,2.42,2.84,2.22,2.36,35.4,2130848,0.0,1.0
2015-06-09,2.28,2.3,2.22,2.3,34.5,49065,0.0,1.0
2015-06-08,2.3001,2.33,2.22,2.22,33.3,81260,0.0,1.0
2015-06-05,2.27,2.35,2.27,2.32,34.8,98110,0.0,1.0
2015-06-04,2.33,2.33,2.25,2.25,33.75,251756,0.0,1.0
2015-06-03,2.27,2.4,2.23,2.35,35.25,74894,0.0,1.0
2015-06-02,2.28,2.3215,2.21,2.29,34.35,261742,0.0,1.0
2015-06-01,2.4,2.4,2.27,2.3,34.5,118553,0.0,1.0
2015-05-29,2.34,2.3645,2.26,2.3,34.5,47559,0.0,1.0
2015-05-28,2.24,2.3799,2.24,2.35,35.25,56590,0.0,1.0
2015-05-27,2.27,2.35,2.15,2.31,34.65,304404,0.0,1.0
2015-05-26,2.32,2.4,2.2802,2.31,34.65,39683,0.0,1.0
2015-05-22,2.37,2.47,2.31,2.37,35.55,63022,0.0,1.0
2015-05-21,2.33,2.4,2.33,2.34,35.1,53861,0.0,1.0
2015-05-20,2.38,2.5,2.35,2.39,35.85,29570,0.0,1.0
2015-05-19,2.42,2.49,2.34,2.4,36.0,75260,0.0,1.0
2015-05-18,2.32,2.48,2.32,2.43,36.45,124424,0.0,1.0
2015-05-15,2.35,2.36,2.3048,2.3301,34.9515,57784,0.0,1.0
2015-05-14,2.42,2.42,2.34,2.34,35.1,59149,0.0,1.0
2015-05-13,2.43,2.5099,2.35,2.38,35.7,40985,0.0,1.0
2015-05-12,2.45,2.5016,2.38,2.42,36.3,103412,0.0,1.0
2015-05-11,2.7,2.805,2.4542,2.5,37.5,629495,0.0,1.0
2015-05-08,2.37,2.38,2.3,2.38,35.7,35982,0.0,1.0
2015-05-07,2.39,2.3935,2.3,2.31,34.65,81204,0.0,1.0
2015-05-06,2.31,2.44,2.31,2.35,35.25,173508,0.0,1.0
2015-05-05,2.79,2.79,2.366,2.41,36.15,260925,0.0,1.0
2015-05-04,2.65,2.7,2.59,2.65,39.75,117496,0.0,1.0
2015-05-01,2.75,2.81,2.5501,2.6,39.0,305000,0.0,1.0
2015-04-30,2.99,3.024,2.6832,2.73,40.95,333311,0.0,1.0
2015-04-29,2.76,3.15,2.71,2.92,43.8,864416,0.0,1.0
2015-04-28,3.22,3.27,2.66,2.66,39.9,1320701,0.0,1.0
2015-04-27,2.77,3.57,2.61,3.29,49.35,9417939,0.0,1.0
2015-04-24,2.179,2.18,2.12,2.1699,32.5485,47395,0.0,1.0
2015-04-23,2.2,2.24,2.12,2.15,32.25,146938,0.0,1.0
2015-04-22,1.95,2.1452,1.95,2.12,31.8,107638,0.0,1.0
2015-04-21,2.09,2.1206,1.85,1.95,29.25,132036,0.0,1.0
2015-04-20,2.15,2.19,2.1,2.1,31.5,108814,0.0,1.0
2015-04-17,2.15,2.15,2.01,2.1,31.5,82348,0.0,1.0
2015-04-16,2.17,2.17,2.06,2.11,31.65,115012,0.0,1.0
2015-04-15,2.16,2.18,2.12,2.18,32.7,61599,0.0,1.0
2015-04-14,2.16,2.2,2.08,2.17,32.55,124196,0.0,1.0
2015-04-13,2.16,2.19,2.1,2.18,32.7,40239,0.0,1.0
2015-04-10,2.11,2.2,2.1,2.18,32.7,57177,0.0,1.0
2015-04-09,2.15,2.22,2.11,2.11,31.65,132673,0.0,1.0
2015-04-08,2.27,2.29,2.1616,2.18,32.7,86326,0.0,1.0
2015-04-07,2.32,2.35,2.23,2.27,34.05,136362,0.0,1.0
2015-04-06,2.34,2.43,2.2601,2.32,34.8,243214,0.0,1.0
2015-04-02,2.27,2.369,2.2,2.32,34.8,373575,0.0,1.0
2015-04-01,2.23,2.27,2.01,2.27,34.05,407395,0.0,1.0
2015-03-31,2.35,2.35,2.09,2.23,33.45,615913,0.0,1.0
2015-03-30,2.89,2.94,2.16,2.2,33.0,3163867,0.0,1.0
2015-03-27,5.15,5.57,5.15,5.54,83.1,210002,0.0,1.0
2015-03-26,5.15,5.6,5.06,5.4,81.0,280925,0.0,1.0
2015-03-25,5.29,5.3,5.0,5.12,76.8,360925,0.0,1.0
2015-03-24,5.32,5.57,5.23,5.37,80.55,367281,0.0,1.0
2015-03-23,5.7,5.83,5.3,5.35,80.25,731549,0.0,1.0
2015-03-20,5.21,5.49,5.01,5.3,79.5,772801,0.0,1.0
2015-03-19,4.72,5.2,4.68,5.06,75.9,748166,0.0,1.0
2015-03-18,4.5,5.1,4.4401,4.66,69.9,1101534,0.0,1.0
2015-03-17,4.35,4.48,4.2501,4.34,65.1,123406,0.0,1.0
2015-03-16,4.28,4.38,4.02,4.25,63.75,160555,0.0,1.0
2015-03-13,4.48,4.56,4.2494,4.27,64.05,117340,0.0,1.0
2015-03-12,4.27,4.49,4.27,4.46,66.9,73791,0.0,1.0
2015-03-11,4.21,4.3,4.18,4.3,64.5,57199,0.0,1.0
2015-03-10,4.45,4.45,4.14,4.2599,63.8985,129240,0.0,1.0
2015-03-09,4.49,4.5346,4.4,4.48,67.2,89326,0.0,1.0
2015-03-06,4.51,4.6303,4.47,4.49,67.35,117622,0.0,1.0
2015-03-05,4.39,4.52,4.39,4.47,67.05,92027,0.0,1.0
2015-03-04,4.46,4.51,4.27,4.4,66.0,194663,0.0,1.0
2015-03-03,4.65,4.68,4.5,4.5,67.5,213777,0.0,1.0
2015-03-02,4.6,4.82,4.49,4.65,69.75,347881,0.0,1.0
2015-02-27,4.65,4.7,4.5,4.5,67.5,209002,0.0,1.0
2015-02-26,4.31,4.7999,4.25,4.67,70.05,427019,0.0,1.0
2015-02-25,4.18,4.39,4.1,4.22,63.3,343667,0.0,1.0
2015-02-24,4.15,4.15,4.01,4.06,60.9,64463,0.0,1.0
2015-02-23,4.18,4.22,3.89,4.15,62.25,126161,0.0,1.0
2015-02-20,4.25,4.32,4.15,4.15,62.25,131698,0.0,1.0
2015-02-19,4.03,4.3399,4.02,4.2,63.0,231470,0.0,1.0
2015-02-18,3.93,4.1799,3.87,4.07,61.05,160586,0.0,1.0
2015-02-17,4.0,4.0,3.799,3.9,58.5,194801,0.0,1.0
2015-02-13,3.85,3.92,3.71,3.8499,57.7485,102824,0.0,1.0
2015-02-12,3.59,3.87,3.59,3.8,57.0,78832,0.0,1.0
2015-02-11,3.82,3.82,3.55,3.59,53.85,184950,0.0,1.0
2015-02-10,3.85,3.86,3.74,3.79,56.85,100344,0.0,1.0
2015-02-09,3.79,3.88,3.7009,3.85,57.75,140984,0.0,1.0
2015-02-06,3.84,4.098,3.67,3.78,56.7,290731,0.0,1.0
2015-02-05,3.8,3.84,3.66,3.73,55.95,164340,0.0,1.0
2015-02-04,3.52,3.8299,3.4,3.63,54.45,389697,0.0,1.0
2015-02-03,3.25,3.38,3.25,3.38,50.7,64074,0.0,1.0
2015-02-02,3.29,3.29,3.12,3.18,47.7,48362,0.0,1.0
2015-01-30,3.31,3.31,3.18,3.22,48.3,78959,0.0,1.0
2015-01-29,3.42,3.51,3.28,3.35,50.25,91631,0.0,1.0
2015-01-28,3.46,3.5,3.35,3.3601,50.4015,98647,0.0,1.0
2015-01-27,3.46,3.49,3.34,3.38,50.7,579180,0.0,1.0
2015-01-26,3.15,3.35,2.96,3.26,48.9,159290,0.0,1.0
2015-01-23,3.25,3.25,2.92,3.0,45.0,313666,0.0,1.0
2015-01-22,3.45,3.45,3.24,3.29,49.35,102484,0.0,1.0
2015-01-21,3.58,3.6599,3.33,3.38,50.7,213306,0.0,1.0
2015-01-20,3.67,3.71,3.42,3.62,54.3,114589,0.0,1.0
2015-01-16,3.56,3.7,3.55,3.68,55.2,39996,0.0,1.0
2015-01-15,3.64,3.7199,3.55,3.57,53.55,71299,0.0,1.0
2015-01-14,3.58,3.75,3.52,3.7,55.5,146326,0.0,1.0
2015-01-13,3.87,3.87,3.56,3.61,54.15,189294,0.0,1.0
2015-01-12,3.9,3.9,3.8,3.85,57.75,95615,0.0,1.0
2015-01-09,3.8,3.8763,3.66,3.85,57.75,101732,0.0,1.0
2015-01-08,3.73,3.9,3.56,3.77,56.55,238485,0.0,1.0
2015-01-07,3.68,3.69,3.5,3.64,54.6,78737,0.0,1.0
2015-01-06,3.9,3.9,3.59,3.686,55.29,265580,0.0,1.0
2015-01-05,3.81,3.97,3.76,3.83,57.45,365339,0.0,1.0
2015-01-02,3.52,3.8,3.4327,3.77,56.55,212107,0.0,1.0
2014-12-31,3.45,3.55,3.4,3.5,52.5,213160,0.0,1.0
2014-12-30,3.6,3.734,3.36,3.42,51.3,337485,0.0,1.0
2014-12-29,3.98,3.98,3.5,3.55,53.25,160391,0.0,1.0
2014-12-26,3.65,3.7599,3.4,3.73,55.95,231637,0.0,1.0
2014-12-24,3.75,3.76,3.61,3.7,55.5,58725,0.0,1.0
2014-12-23,3.72,3.72,3.64,3.69,55.35,88798,0.0,1.0
2014-12-22,3.81,3.96,3.62,3.68,55.2,747645,0.0,1.0
2014-12-19,3.43,3.47,3.35,3.41,51.15,91358,0.0,1.0
2014-12-18,3.5,3.5565,3.41,3.47,52.05,120591,0.0,1.0
2014-12-17,3.24,3.71,3.24,3.41,51.15,225041,0.0,1.0
2014-12-16,3.4,3.45,3.3,3.35,50.25,138656,0.0,1.0
2014-12-15,3.64,4.0,3.5,3.52,52.8,243451,0.0,1.0
2014-12-12,3.45,3.665,3.45,3.49,52.35,81574,0.0,1.0
2014-12-11,3.64,3.75,3.38,3.46,51.9,218610,0.0,1.0
2014-12-10,3.8,3.83,3.5517,3.6,54.0,325487,0.0,1.0
2014-12-09,4.13,4.22,3.8,3.8,57.0,1076724,0.0,1.0
2014-12-08,4.07,4.09,3.69,3.75,56.25,346989,0.0,1.0
2014-12-05,4.05,4.38,3.82,4.02,60.3,304879,0.0,1.0
2014-12-04,4.36,4.37,4.0,4.04,60.6,408698,0.0,1.0
2014-12-03,4.53,4.55,4.16,4.27,64.05,563310,0.0,1.0
2014-12-02,4.53,4.92,4.45,4.62,69.3,1191323,0.0,1.0
2014-12-01,4.52,5.4709,4.12,4.45,66.75,3380737,0.0,1.0
2014-11-28,4.45,4.45,4.1,4.1,61.5,135937,0.0,1.0
2014-11-26,4.04,4.45,3.95,4.26,63.9,835830,0.0,1.0
2014-11-25,4.12,4.28,3.9,3.94,59.1,751501,0.0,1.0
2014-11-24,4.6,4.6,4.04,4.14,62.1,1395739,0.0,1.0
2014-11-21,4.09,5.76,4.06,4.8,72.0,7187949,0.0,1.0
2014-11-20,3.92,4.25,3.56,4.0,60.0,3334355,0.0,1.0
2014-11-19,3.24,4.19,3.24,3.82,57.3,5826479,0.0,1.0
2014-11-18,2.51,4.3,2.51,3.0,45.0,1444716,0.0,1.0
2014-11-17,2.35,2.46,2.3,2.429,36.435,22325,0.0,1.0
2014-11-14,2.53,2.53,2.29,2.4095,36.1425,4531,0.0,1.0
2014-11-13,2.45,2.7,2.45,2.51,37.65,11532,0.0,1.0
2014-11-12,2.53,2.59,2.39,2.54,38.1,21911,0.0,1.0
2014-11-11,2.7,2.72,2.61,2.65,39.75,5202,0.0,1.0
2014-11-10,2.75,2.75,2.62,2.75,41.25,2965,0.0,1.0
2014-11-07,2.77,2.77,2.59,2.59,38.85,2286,0.0,1.0
2014-11-06,2.789,2.8399,2.789,2.8399,42.5985,1500,0.0,1.0
2014-11-05,2.85,2.85,2.6601,2.67,40.05,3364,0.0,1.0
2014-11-04,2.76,2.84,2.687,2.69,40.35,11250,0.0,1.0
2014-11-03,2.7901,2.7901,2.7699,2.78,41.7,3789,0.0,1.0
2014-10-31,2.8299,2.8299,2.78,2.78,41.7,1200,0.0,1.0
2014-10-30,2.9187,2.9187,2.8099,2.8296,42.444,5908,0.0,1.0
2014-10-29,2.8399,2.85,2.8399,2.85,42.75,1500,0.0,1.0
2014-10-28,2.87,2.95,2.73,2.85,42.75,37204,0.0,1.0
2014-10-27,2.91,2.959,2.82,2.94,44.1,11157,0.0,1.0
2014-10-24,2.85,3.04,2.71,3.04,45.6,11783,0.0,1.0
2014-10-23,3.14,3.14,2.59,2.91,43.65,11175,0.0,1.0
2014-10-22,3.071,3.17,3.0,3.037,45.555,5728,0.0,1.0
2014-10-21,3.14,3.15,3.03,3.12,46.8,1800,0.0,1.0
2014-10-20,3.1,3.1453,2.9984,3.12,46.8,5985,0.0,1.0
2014-10-17,3.1,3.2256,3.1,3.17,47.55,4411,0.0,1.0
2014-10-16,3.18,3.18,3.18,3.18,47.7,10,0.0,1.0
2014-10-15,3.16,3.24,3.1,3.18,47.7,15717,0.0,1.0
2014-10-14,3.1,3.23,3.01,3.0801,46.2015,15685,0.0,1.0
2014-10-13,3.31,3.4295,3.13,3.13,46.95,17235,0.0,1.0
2014-10-10,3.04,3.1895,3.04,3.1243,46.8645,2784,0.0,1.0
2014-10-09,3.12,3.12,3.02,3.02,45.3,800,0.0,1.0
2014-10-08,3.1391,3.1391,3.06,3.0876,46.314,1322,0.0,1.0
2014-10-07,3.17,3.21,3.08,3.11,46.65,4336,0.0,1.0
2014-10-06,3.24,3.35,3.01,3.275,49.125,32832,0.0,1.0
2014-10-03,3.1501,3.28,3.11,3.22,48.3,10962,0.0,1.0
2014-10-02,3.21,3.23,3.08,3.08,46.2,7657,0.0,1.0
2014-10-01,3.25,3.2575,3.11,3.23,48.45,9990,0.0,1.0
2014-09-30,3.38,3.45,3.21,3.27,49.05,13730,0.0,1.0
2014-09-29,3.25,3.28,3.21,3.2399,48.5985,7605,0.0,1.0
2014-09-26,3.22,3.3,3.22,3.29,49.35,8127,0.0,1.0
2014-09-25,3.33,3.33,3.21,3.21,48.15,11278,0.0,1.0
2014-09-24,3.47,3.47,3.31,3.34,50.1,7327,0.0,1.0
2014-09-23,3.35,3.4,3.2899,3.35,50.25,19293,0.0,1.0
2014-09-22,3.4,3.4,3.31,3.37,50.55,25707,0.0,1.0
2014-09-19,3.47,3.63,3.47,3.58,53.7,21667,0.0,1.0
2014-09-18,3.59,3.69,3.46,3.59,53.85,9422,0.0,1.0
2014-09-17,3.58,3.61,3.46,3.61,54.15,23089,0.0,1.0
2014-09-16,3.5,3.64,3.4,3.55,53.25,40362,0.0,1.0
2014-09-15,3.53,3.64,3.5,3.5001,52.5015,22202,0.0,1.0
2014-09-12,3.68,3.7877,3.42,3.67,55.05,28452,0.0,1.0
2014-09-11,3.71,3.86,3.65,3.75,56.25,16606,0.0,1.0
2014-09-10,3.71,3.9,3.68,3.8,57.0,27538,0.0,1.0
2014-09-09,3.92,4.0,3.82,3.89,58.35,23166,0.0,1.0
2014-09-08,3.76,4.13,3.76,4.0,60.0,48775,0.0,1.0
2014-09-05,3.65,3.67,3.58,3.58,53.7,22347,0.0,1.0
2014-09-04,3.65,3.68,3.5,3.53,52.95,38843,0.0,1.0
2014-09-03,3.73,3.73,3.666,3.7,55.5,18387,0.0,1.0
2014-09-02,3.694,3.84,3.69,3.81,57.15,19165,0.0,1.0
2014-08-29,3.95,4.11,3.86,3.88,58.2,20662,0.0,1.0
2014-08-28,3.78,4.1,3.7201,3.96,59.4,14860,0.0,1.0
2014-08-27,3.79,3.85,3.7846,3.85,57.75,2576,0.0,1.0
2014-08-26,3.8,3.9,3.72,3.85,57.75,21895,0.0,1.0
2014-08-25,3.72,3.87,3.66,3.77,56.55,21659,0.0,1.0
2014-08-22,3.7336,3.95,3.72,3.8799,58.1985,7985,0.0,1.0
2014-08-21,3.68,3.86,3.65,3.73,55.95,5850,0.0,1.0
2014-08-20,3.7801,3.7801,3.7801,3.7801,56.7015,606,0.0,1.0
2014-08-19,3.7101,3.99,3.7101,3.86,57.9,8140,0.0,1.0
2014-08-18,3.84,3.939,3.6001,3.78,56.7,15573,0.0,1.0
2014-08-15,3.83,3.999,3.82,3.86,57.9,12984,0.0,1.0
2014-08-14,3.6632,3.96,3.6632,3.9112,58.668,10657,0.0,1.0
2014-08-13,3.77,3.99,3.75,3.81,57.15,22207,0.0,1.0
2014-08-12,3.75,3.8,3.74,3.78,56.7,16810,0.0,1.0
2014-08-11,3.77,3.87,3.74,3.81,57.15,9923,0.0,1.0
2014-08-08,3.79,3.79,3.7,3.75,56.25,7986,0.0,1.0
2014-08-07,3.7099,3.9,3.69,3.71,55.65,31844,0.0,1.0
2014-08-06,3.85,3.91,3.7272,3.75,56.25,29154,0.0,1.0
2014-08-05,3.797,3.84,3.6601,3.76,56.4,3625,0.0,1.0
2014-08-04,3.7,3.8499,3.57,3.82,57.3,4821,0.0,1.0
2014-08-01,3.65,3.89,3.52,3.56,53.4,11555,0.0,1.0
2014-07-31,3.71,3.75,3.703,3.75,56.25,940,0.0,1.0
2014-07-30,3.7,3.9,3.57,3.75,56.25,11490,0.0,1.0
2014-07-29,4.0099,4.1199,3.82,4.05,60.75,7634,0.0,1.0
2014-07-28,4.0299,4.16,3.93,4.02,60.3,9927,0.0,1.0
2014-07-25,3.9401,4.0899,3.93,4.0899,61.3485,5223,0.0,1.0
2014-07-24,4.0,4.21,3.93,4.2,63.0,8214,0.0,1.0
2014-07-23,4.0,4.18,4.0,4.1,61.5,15248,0.0,1.0
2014-07-22,4.0,4.29,4.0,4.07,61.05,23853,0.0,1.0
2014-07-21,3.92,4.1,3.86,4.03,60.45,14720,0.0,1.0
2014-07-18,4.13,4.13,4.0615,4.0615,60.9225,9365,0.0,1.0
2014-07-17,3.99,4.16,3.97,4.16,62.4,93815,0.0,1.0
2014-07-16,3.8201,4.17,3.41,4.09,61.35,65308,0.0,1.0
2014-07-15,4.02,4.02,3.87,3.89,58.35,14839,0.0,1.0
2014-07-14,4.17,4.17,3.87,3.9899,59.8485,92463,0.0,1.0
2014-07-11,4.43,4.61,3.92,4.15,62.25,155462,0.0,1.0
2014-07-10,3.8,4.8799,3.7,4.21,63.15,577745,0.0,1.0
2014-07-09,3.62,3.62,3.5,3.5,52.5,10365,0.0,1.0
2014-07-08,3.62,3.67,3.62,3.66,54.9,10367,0.0,1.0
2014-07-07,3.67,3.82,3.6599,3.766,56.49,15095,0.0,1.0
2014-07-03,3.73,3.94,3.6,3.75,56.25,13928,0.0,1.0
2014-07-02,3.7899,3.82,3.74,3.7504,56.256,22270,0.0,1.0
2014-07-01,3.59,3.83,3.59,3.82,57.3,39567,0.0,1.0
2014-06-30,3.68,3.68,3.52,3.5699,53.5485,16384,0.0,1.0
2014-06-27,3.65,3.65,3.35,3.64,54.6,8857,0.0,1.0
2014-06-26,3.61,3.8356,3.61,3.68,55.2,21165,0.0,1.0
2014-06-25,3.45,3.96,3.38,3.72,55.8,142591,0.0,1.0
2014-06-24,3.58,3.6,3.45,3.49,52.35,22198,0.0,1.0
2014-06-23,3.71,3.78,3.62,3.62,54.3,14370,0.0,1.0
2014-06-20,3.75,3.8599,3.64,3.7,55.5,8493,0.0,1.0
2014-06-19,3.8,3.81,3.57,3.64,54.6,51346,0.0,1.0
2014-06-18,3.97,4.13,3.7,3.83,57.45,103680,0.0,1.0
2014-06-17,3.74,3.8,3.5656,3.7,55.5,21554,0.0,1.0
2014-06-16,3.92,3.92,3.67,3.7,55.5,16684,0.0,1.0
2014-06-13,3.93,3.9685,3.83,3.85,57.75,21328,0.0,1.0
2014-06-12,3.979,3.979,3.92,3.97,59.55,2071,0.0,1.0
2014-06-11,4.0,4.0899,3.92,3.95,59.25,6442,0.0,1.0
2014-06-10,4.1,4.1001,3.96,3.99,59.85,14985,0.0,1.0
2014-06-09,4.05,4.25,3.91,4.05,60.75,46503,0.0,1.0
2014-06-06,3.9,4.087,3.9,3.96,59.4,25778,0.0,1.0
2014-06-05,4.01,4.02,3.89,3.9,58.5,15888,0.0,1.0
2014-06-04,4.06,4.06,3.95,4.0,60.0,19709,0.0,1.0
2014-06-03,3.9799,4.005,3.96,4.0,60.0,6755,0.0,1.0
2014-06-02,4.21,4.29,3.9101,3.96,59.4,94038,0.0,1.0
2014-05-30,4.03,4.0399,3.97,3.98,59.7,9020,0.0,1.0
2014-05-29,4.0,4.04,3.9462,3.97,59.55,13203,0.0,1.0
2014-05-28,4.13,4.15,4.0,4.03,60.45,31852,0.0,1.0
2014-05-27,4.24,4.26,4.06,4.16,62.4,68915,0.0,1.0
2014-05-23,4.0599,4.07,3.97,3.98,59.7,19080,0.0,1.0
2014-05-22,4.12,4.22,4.0,4.02,60.3,25380,0.0,1.0
2014-05-21,4.22,4.22,4.22,4.22,63.3,533,0.0,1.0
2014-05-20,4.2,4.2,4.05,4.1,61.5,18808,0.0,1.0
2014-05-19,4.32,4.32,4.14,4.18,62.7,16560,0.0,1.0
2014-05-16,4.311,4.3686,4.31,4.315,64.725,16128,0.0,1.0
2014-05-15,4.43,4.46,4.26,4.27,64.05,9048,0.0,1.0
2014-05-14,4.47,4.55,4.41,4.42,66.3,18611,0.0,1.0
2014-05-13,4.69,4.69,4.34,4.54,68.1,28852,0.0,1.0
2014-05-12,4.65,4.73,4.63,4.69,70.35,41784,0.0,1.0
2014-05-09,4.46,4.58,4.3,4.39,65.85,9851,0.0,1.0
2014-05-08,4.74,4.77,4.31,4.4,66.0,41615,0.0,1.0
2014-05-07,4.75,4.75,4.55,4.62,69.3,27081,0.0,1.0
2014-05-06,4.78,4.78,4.72,4.75,71.25,28174,0.0,1.0
2014-05-05,4.89,4.92,4.8,4.84,72.6,18356,0.0,1.0
2014-05-02,4.9394,4.95,4.9,4.92,73.8,32806,0.0,1.0
2014-05-01,4.99,5.0,4.88,4.966,74.49,19700,0.0,1.0
2014-04-30,4.91,5.0,4.91,4.98,74.7,30029,0.0,1.0
2014-04-29,5.02,5.04,4.9,4.9,73.5,28886,0.0,1.0
2014-04-28,5.09,5.09,4.85,4.92,73.8,31656,0.0,1.0
2014-04-25,5.31,5.31,4.99,5.01,75.15,81955,0.0,1.0
2014-04-24,5.461,5.461,5.25,5.31,79.65,6213,0.0,1.0
2014-04-23,5.45,5.59,5.45,5.579,83.685,8365,0.0,1.0
2014-04-22,5.62,5.62,5.3101,5.47,82.05,11938,0.0,1.0
2014-04-21,5.2301,5.4499,5.21,5.44,81.6,5450,0.0,1.0
2014-04-17,5.16,5.59,5.16,5.31,79.65,15976,0.0,1.0
2014-04-16,5.38,5.41,5.14,5.23,78.45,19236,0.0,1.0
2014-04-15,5.78,5.78,5.49,5.5,82.5,16667,0.0,1.0
2014-04-14,5.611,5.631,5.6,5.6,84.0,2250,0.0,1.0
2014-04-11,5.56,5.79,5.56,5.66,84.9,8394,0.0,1.0
2014-04-10,5.88,5.88,5.7,5.7,85.5,4812,0.0,1.0
2014-04-09,5.7,5.98,5.7,5.94,89.1,9765,0.0,1.0
2014-04-08,5.6,5.65,5.54,5.65,84.75,3001,0.0,1.0
2014-04-07,5.95,5.95,5.651,5.7398,86.097,17804,0.0,1.0
2014-04-04,5.99,6.24,5.99,6.1,91.5,47634,0.0,1.0
2014-04-03,6.07,6.09,5.85,5.91,88.65,36548,0.0,1.0
2014-04-02,5.77,5.99,5.63,5.78,86.7,91848,0.0,1.0
2014-04-01,5.0208,5.2414,5.01,5.1699,77.5485,6120,0.0,1.0
2014-03-31,4.99,5.1,4.99,5.02,75.3,14097,0.0,1.0
2014-03-28,5.39,5.44,4.85,5.23,78.45,22638,0.0,1.0
2014-03-27,5.38,5.39,5.26,5.29,79.35,9100,0.0,1.0
2014-03-26,5.52,5.55,5.5,5.51,82.65,13031,0.0,1.0
2014-03-25,5.58,5.61,5.51,5.51,82.65,6339,0.0,1.0
2014-03-24,5.69,5.69,5.51,5.62,84.3,3625,0.0,1.0
2014-03-21,5.54,5.76,5.54,5.66,84.9,26305,0.0,1.0
2014-03-20,5.53,5.65,5.5101,5.6,84.0,9011,0.0,1.0
2014-03-19,5.53,5.65,5.521,5.58,83.7,10946,0.0,1.0
2014-03-18,5.58,5.6899,5.58,5.66,84.9,19838,0.0,1.0
2014-03-17,5.8,5.95,5.51,5.58,83.7,35946,0.0,1.0
2014-03-14,5.8301,5.92,5.5801,5.61,84.15,12536,0.0,1.0
2014-03-13,5.88,5.9,5.77,5.88,88.2,16409,0.0,1.0
2014-03-12,5.8,5.96,5.65,5.92,88.8,8082,0.0,1.0
2014-03-11,5.54,5.97,5.4901,5.7799,86.6985,31825,0.0,1.0
2014-03-10,5.8,5.86,5.37,5.53,82.95,35815,0.0,1.0
2014-03-07,5.97,5.97,5.8,5.85,87.75,20814,0.0,1.0
2014-03-06,5.83,5.98,5.7799,5.9199,88.7985,24810,0.0,1.0
2014-03-05,5.87,5.89,5.7901,5.8288,87.432,12109,0.0,1.0
2014-03-04,5.96,5.99,5.81,5.93,88.95,16314,0.0,1.0
2014-03-03,5.8499,6.09,5.71,5.96,89.4,17870,0.0,1.0
2014-02-28,6.1699,6.29,5.96,6.02,90.3,26265,0.0,1.0
2014-02-27,5.87,6.14,5.86,6.14,92.1,23453,0.0,1.0
2014-02-26,6.18,6.18,5.95,5.97,89.55,12823,0.0,1.0
2014-02-25,6.09,6.34,5.9799,6.1,91.5,37264,0.0,1.0
2014-02-24,5.95,6.05,5.9,6.0,90.0,19055,0.0,1.0
2014-02-21,5.8901,6.17,5.88,6.0096,90.144,25918,0.0,1.0
2014-02-20,5.85,5.91,5.77,5.9,88.5,9172,0.0,1.0
2014-02-19,5.95,5.95,5.76,5.8,87.0,15846,0.0,1.0
2014-02-18,5.93,5.93,5.77,5.79,86.85,15732,0.0,1.0
2014-02-14,5.76,5.79,5.75,5.76,86.4,3800,0.0,1.0
2014-02-13,5.69,5.8,5.627,5.784,86.76,25063,0.0,1.0
2014-02-12,5.7,5.799,5.7,5.74,86.1,9773,0.0,1.0
2014-02-11,5.65,5.93,5.65,5.75,86.25,40897,0.0,1.0
2014-02-10,5.55,5.57,5.12,5.42,81.3,69176,0.0,1.0
2014-02-07,5.53,5.53,5.03,5.3158,79.737,28962,0.0,1.0
2014-02-06,5.2,5.85,4.99,5.52,82.8,74572,0.0,1.0
2014-02-05,5.01,5.17,4.98,5.0101,75.1515,24097,0.0,1.0
2014-02-04,5.23,5.87,4.86,5.1,76.5,23718,0.0,1.0
2014-02-03,5.01,5.13,4.85,4.92,73.8,22885,0.0,1.0
2014-01-31,5.15,5.15,4.84,4.8499,72.7485,30423,0.0,1.0
2014-01-30,5.1,5.1,4.69,5.05,75.75,48035,0.0,1.0
2014-01-29,5.2099,5.2184,5.02,5.0314,75.471,26447,0.0,1.0
2014-01-28,5.49,5.49,5.21,5.25,78.75,24303,0.0,1.0
2014-01-27,5.5,5.54,5.5,5.5099,82.6485,12752,0.0,1.0
2014-01-24,5.6,5.7499,5.52,5.58,83.7,40254,0.0,1.0
2014-01-23,5.8,5.8,5.55,5.64,84.6,24544,0.0,1.0
2014-01-22,5.87,5.87,5.7699,5.82,87.3,38112,0.0,1.0
2014-01-21,5.97,5.97,5.601,5.8,87.0,84943,0.0,1.0
2014-01-17,6.46,6.46,6.1,6.14,92.1,25458,0.0,1.0
2014-01-16,6.42,6.42,6.2,6.364,95.46,22836,0.0,1.0
2014-01-15,6.45,6.75,6.3401,6.5,97.5,28987,0.0,1.0
2014-01-14,6.33,6.33,6.21,6.29,94.35,52112,0.0,1.0
2014-01-13,6.1,6.1799,6.02,6.1,91.5,201306,0.0,1.0
2014-01-10,6.3,6.3,5.94,5.94,89.1,64386,0.0,1.0
2014-01-09,5.86,6.1,5.74,6.07,91.05,87943,0.0,1.0
2014-01-08,5.8,5.92,5.78,5.81,87.15,43884,0.0,1.0
2014-01-07,5.716,5.9725,5.7,5.82,87.3,66284,0.0,1.0
2014-01-06,5.79,5.79,5.6818,5.7,85.5,56426,0.0,1.0
2014-01-03,5.9999,6.199,5.9,5.95,89.25,67771,0.0,1.0
2014-01-02,6.03,6.0401,5.8801,5.98,89.7,80334,0.0,1.0
2013-12-31,5.9,6.18,5.65,6.01,90.15,183036,0.0,1.0
2013-12-30,5.34,6.13,5.3027,5.54,83.1,335215,0.0,1.0
2013-12-27,8.25,8.75,8.13,8.2,123.0,66283,0.0,1.0
2013-12-26,8.18,8.54,8.06,8.44,126.6,80949,0.0,1.0
2013-12-24,8.6,8.6,8.2,8.25,123.75,162985,0.0,1.0
2013-12-23,9.36,9.46,8.6,8.6,129.0,850154,0.0,1.0
2013-12-20,7.09,7.68,7.09,7.32,109.8,70780,0.0,1.0
2013-12-19,7.05,7.15,6.88,7.05,105.75,64764,0.0,1.0
2013-12-18,6.29,7.06,6.29,6.7,100.5,41947,0.0,1.0
2013-12-17,5.99,6.28,5.99,6.07,91.05,25088,0.0,1.0
2013-12-16,6.35,6.35,6.04,6.04,90.6,28582,0.0,1.0
2013-12-13,6.4299,6.48,6.23,6.46,96.9,20481,0.0,1.0
2013-12-12,6.44,6.49,6.1849,6.46,96.9,18534,0.0,1.0
2013-12-11,6.65,7.0,6.44,6.5,97.5,60856,0.0,1.0
2013-12-10,6.5,6.59,6.46,6.46,96.9,24231,0.0,1.0
2013-12-09,6.65,6.85,6.5001,6.83,102.45,64299,0.0,1.0
2013-12-06,6.6,6.98,6.6,6.74,101.1,73708,0.0,1.0
2013-12-05,6.46,6.59,6.36,6.5,97.5,40544,0.0,1.0
2013-12-04,6.07,6.23,6.0,6.11,91.65,21688,0.0,1.0
2013-12-03,6.03,6.03,5.99,6.01,90.15,26528,0.0,1.0
2013-12-02,5.88,5.9401,5.83,5.8899,88.3485,20254,0.0,1.0
2013-11-29,6.1801,6.31,6.17,6.17,92.55,2750,0.0,1.0
2013-11-27,6.2,6.6,6.2,6.33,94.95,12500,0.0,1.0
2013-11-26,6.15,6.17,6.05,6.12,91.8,10594,0.0,1.0
2013-11-25,6.55,6.55,6.42,6.45,96.75,16673,0.0,1.0
2013-11-22,6.52,6.59,6.3,6.5601,98.4015,12650,0.0,1.0
2013-11-21,6.32,6.55,6.3001,6.55,98.25,14206,0.0,1.0
2013-11-20,6.74,6.83,6.53,6.63,99.45,21977,0.0,1.0
2013-11-19,7.29,7.3255,6.86,6.95,104.25,34805,0.0,1.0
2013-11-18,6.8,7.44,6.8,7.36,110.4,50845,0.0,1.0
2013-11-15,6.37,6.58,6.37,6.58,98.7,18301,0.0,1.0
2013-11-14,6.42,6.55,6.42,6.55,98.25,21494,0.0,1.0
2013-11-13,6.25,6.48,6.25,6.42,96.3,9800,0.0,1.0
2013-11-12,6.39,6.39,6.358,6.38,95.7,8275,0.1696,1.0
2013-11-11,6.34,6.42,6.27,6.42,93.806,10667,0.0,1.0
2013-11-08,6.07,6.07,6.0,6.06,88.5459,6520,0.0,1.0
2013-11-07,6.01,6.01,5.91,5.91,86.3541,1214,0.0,1.0
2013-11-06,6.05,6.23,6.0,6.01,87.8153,21360,0.0,1.0
2013-11-05,5.89,5.94,5.89,5.94,86.7925,7800,0.0,1.0
2013-11-04,5.88,5.88,5.8,5.8,84.7469,7294,0.0,1.0
2013-11-01,5.55,5.77,5.55,5.58,81.5323,6994,0.0,1.0
2013-10-31,5.72,5.88,5.6,5.68,82.9935,35350,0.0,1.0
2013-10-30,5.92,5.92,5.56,5.56,81.2401,30100,0.0,1.0
2013-10-29,5.99,5.99,5.89,5.89,86.0619,32818,0.0,1.0
2013-10-28,6.26,6.26,6.0,6.07,88.692,84245,0.0,1.0
2013-10-25,6.28,6.36,6.22,6.29,91.9065,117122,0.0,1.0
2013-10-24,6.3,6.3,6.1,6.2,90.5915,41616,0.0,1.0
2013-10-23,6.3,6.4,5.941,6.33,92.491,137877,0.0,1.0
2013-10-22,6.68,6.92,6.48,6.92,101.1118,36878,0.0,1.0
2013-10-21,7.0,7.0,6.77,6.77,98.9201,12818,0.0,1.0
2013-10-18,6.93,7.0,6.79,6.96,101.6963,24960,0.0,1.0
2013-10-17,6.7,6.88,6.65,6.85,100.089,18004,0.0,1.0
2013-10-16,6.5,6.72,6.45,6.65,97.1667,8468,0.0,1.0
2013-10-15,6.26,6.6,6.26,6.5,94.9749,8775,0.0,1.0
2013-10-14,6.24,6.27,6.05,6.07,88.692,5200,0.0,1.0
2013-10-11,6.25,6.25,6.19,6.24,91.1759,8513,0.0,1.0
2013-10-10,6.2,6.2,6.01,6.19,90.4454,6300,0.0,1.0
2013-10-09,6.05,6.05,5.85,5.86,85.6236,37320,0.0,1.0
2013-10-08,6.31,6.31,6.09,6.09,88.9842,30226,0.0,1.0
2013-10-07,6.41,6.6705,6.41,6.45,94.2444,6004,0.0,1.0
2013-10-04,6.47,6.6,6.47,6.5,94.9749,6562,0.0,1.0
2013-10-03,6.54,6.57,6.26,6.51,95.1211,17475,0.0,1.0
2013-10-02,6.98,6.98,6.77,6.82,99.6506,29069,0.0,1.0
2013-10-01,6.0,6.31,5.75,6.31,92.1988,45133,0.0,1.0
2013-09-30,5.0,5.03,5.0,5.03,73.496,2400,0.0,1.0
2013-09-27,4.74,4.74,4.55,4.73,69.1125,10741,0.0,1.0
2013-09-26,4.73,4.73,4.72,4.72,68.9664,2300,0.0,1.0
2013-09-25,4.7,4.75,4.656,4.75,69.4048,4400,0.0,1.0
2013-09-24,4.76,4.76,4.5,4.7,68.6742,1628,0.0,1.0
2013-09-23,4.39,4.39,4.39,4.39,64.1446,2000,0.0,1.0
2013-09-20,4.48,4.48,4.4,4.4,64.2907,2000,0.0,1.0
2013-09-19,4.51,4.51,4.5,4.5,65.7519,3000,0.0,1.0
2013-09-18,4.46,4.46,4.3,4.4,64.2907,2600,0.0,1.0
2013-09-17,4.13,4.43,4.13,4.25,62.099,5750,0.0,1.0
2013-09-16,4.37,4.37,4.37,4.37,63.8524,0,0.0,1.0
2013-09-13,4.37,4.37,4.37,4.37,63.8524,500,0.0,1.0
2013-09-12,3.99,3.99,3.99,3.99,58.3,0,0.0,1.0
2013-09-11,3.99,3.99,3.99,3.99,58.3,1200,0.0,1.0
2013-09-10,3.6,3.6,3.3,3.3,48.218,2200,0.0,1.0
2013-09-09,3.72,3.72,3.6,3.6,52.6015,1900,0.0,1.0
2013-09-06,3.68,3.68,3.68,3.68,53.7704,100,0.0,1.0
2013-09-05,3.68,3.68,3.68,3.68,53.7704,400,0.0,1.0
2013-09-04,4.15,4.15,4.15,4.15,60.6379,0,0.0,1.0
2013-09-03,4.15,4.15,4.15,4.15,60.6379,0,0.0,1.0
2013-08-30,4.15,4.15,4.15,4.15,60.6379,0,0.0,1.0
2013-08-29,4.15,4.15,4.15,4.15,60.6379,0,0.0,1.0
2013-08-28,4.15,4.15,4.15,4.15,60.6379,0,0.0,1.0
2013-08-27,4.15,4.15,4.15,4.15,60.6379,0,0.0,1.0
2013-08-26,4.15,4.15,4.15,4.15,60.6379,0,0.0,1.0
2013-08-23,4.15,4.15,4.15,4.15,60.6379,0,0.0,1.0
2013-08-22,4.15,4.15,4.15,4.15,60.6379,0,0.0,1.0
2013-08-21,4.15,4.15,4.15,4.15,60.6379,0,0.0,1.0
2013-08-20,4.15,4.15,4.15,4.15,60.6379,0,0.0,1.0
2013-08-19,4.15,4.15,4.15,4.15,60.6379,0,0.0,1.0
2013-08-16,4.15,4.15,4.15,4.15,60.6379,0,0.0,1.0
2013-08-15,4.15,4.15,4.15,4.15,60.6379,0,0.0,1.0
2013-08-14,4.15,4.15,4.15,4.15,60.6379,0,0.0,1.0
2013-08-13,4.15,4.15,4.15,4.15,60.6379,0,0.0,1.0
2013-08-12,4.15,4.15,4.15,4.15,60.6379,500,0.0,1.0
2013-08-09,4.38,4.38,4.38,4.38,63.9985,0,0.0,1.0
2013-08-08,4.38,4.38,4.38,4.38,63.9985,0,0.0,1.0
2013-08-07,4.38,4.38,4.38,4.38,63.9985,0,0.0,1.0
2013-08-06,4.38,4.38,4.38,4.38,63.9985,100,0.0,1.0
2013-08-05,4.28,4.28,4.28,4.28,62.5373,1000,0.0,1.0
2013-08-02,4.25,4.25,4.25,4.25,62.099,0,0.0,1.0
2013-08-01,4.25,4.25,4.25,4.25,62.099,0,0.0,1.0
2013-07-31,4.25,4.25,4.25,4.25,62.099,0,0.0,1.0
2013-07-30,4.25,4.25,4.25,4.25,62.099,0,0.0,1.0
2013-07-29,4.25,4.25,4.25,4.25,62.099,400,0.0,1.0
2013-07-26,4.2,4.2,4.2,4.2,61.3684,0,0.0,1.0
2013-07-25,4.2,4.2,4.2,4.2,61.3684,0,0.0,1.0
2013-07-24,4.2,4.2,4.2,4.2,61.3684,0,0.0,1.0
2013-07-23,4.2,4.2,4.2,4.2,61.3684,0,0.0,1.0
2013-07-22,4.2,4.2,4.2,4.2,61.3684,0,0.0,1.0
2013-07-19,4.2,4.2,4.2,4.2,61.3684,0,0.0,1.0
2013-07-18,4.12,4.2,4.12,4.2,61.3684,5200,0.0,1.0
2013-07-17,4.21,4.21,4.21,4.21,61.5145,0,0.0,1.0
2013-07-16,4.21,4.21,4.21,4.21,61.5145,0,0.0,1.0
2013-07-15,4.21,4.21,4.21,4.21,61.5145,0,0.0,1.0
2013-07-12,4.21,4.21,4.21,4.21,61.5145,0,0.0,1.0
2013-07-11,4.21,4.21,4.21,4.21,61.5145,1000,0.0,1.0
2013-07-10,3.87,3.87,3.87,3.87,56.5466,0,0.0,1.0
2013-07-09,3.87,3.87,3.87,3.87,56.5466,0,0.0,1.0
2013-07-08,3.87,3.87,3.87,3.87,56.5466,0,0.0,1.0
2013-07-05,3.87,3.87,3.87,3.87,56.5466,0,0.0,1.0
2013-07-03,3.87,3.87,3.87,3.87,56.5466,0,0.0,1.0
2013-07-02,3.87,3.87,3.87,3.87,56.5466,0,0.0,1.0
2013-07-01,3.87,3.87,3.87,3.87,56.5466,0,0.0,1.0
2013-06-28,3.87,3.87,3.87,3.87,56.5466,0,0.0,1.0
2013-06-27,3.87,3.87,3.87,3.87,56.5466,0,0.0,1.0
2013-06-26,3.87,3.87,3.87,3.87,56.5466,0,0.0,1.0
2013-06-25,3.87,3.87,3.87,3.87,56.5466,0,0.0,1.0
2013-06-24,3.87,3.87,3.87,3.87,56.5466,0,0.0,1.0
2013-06-21,3.87,3.87,3.87,3.87,56.5466,0,0.0,1.0
2013-06-20,3.87,3.87,3.87,3.87,56.5466,0,0.0,1.0
2013-06-19,3.87,3.87,3.87,3.87,56.5466,0,0.0,1.0
2013-06-18,3.87,3.87,3.87,3.87,56.5466,0,0.0,1.0
2013-06-17,3.96,3.96,3.87,3.87,56.5466,3000,0.0,1.0
2013-06-14,3.9,3.9,3.9,3.9,56.985,0,0.0,1.0
2013-06-13,3.9,3.9,3.9,3.9,56.985,0,0.0,1.0
2013-06-12,3.9,3.9,3.9,3.9,56.985,0,0.0,1.0
2013-06-11,3.9,3.9,3.9,3.9,56.985,0,0.0,1.0
2013-06-10,3.9,3.9,3.9,3.9,56.985,1321,0.0,1.0
2013-06-07,4.1,4.1,4.1,4.1,59.9073,0,0.0,1.0
2013-06-06,4.1,4.1,4.1,4.1,59.9073,0,0.0,1.0
2013-06-05,4.1,4.1,4.1,4.1,59.9073,0,0.0,1.0
2013-06-04,4.1,4.1,4.1,4.1,59.9073,1500,0.0,1.0
2013-06-03,3.9,3.9,3.9,3.9,56.985,0,0.0,1.0
2013-05-31,3.9,3.9,3.9,3.9,56.985,0,0.0,1.0
2013-05-30,3.76,3.9,3.75,3.9,56.985,3400,0.0,1.0
2013-05-29,4.03,4.03,4.03,4.03,58.8845,0,0.0,1.0
2013-05-28,4.03,4.03,4.03,4.03,58.8845,1000,0.0,1.0
2013-05-24,4.66,4.66,4.66,4.66,68.0897,0,0.0,1.0
2013-05-23,4.66,4.66,4.66,4.66,68.0897,0,0.0,1.0
2013-05-22,4.66,4.66,4.66,4.66,68.0897,0,0.0,1.0
2013-05-21,4.66,4.66,4.66,4.66,68.0897,0,0.0,1.0
2013-05-20,4.66,4.66,4.66,4.66,68.0897,0,0.0,1.0
2013-05-17,4.66,4.66,4.66,4.66,68.0897,0,0.0,1.0
2013-05-16,6.05,6.05,4.1,4.66,68.0897,3900,0.0,1.0
2013-05-15,4.06,4.06,4.06,4.06,59.3228,0,0.0,1.0
2013-05-14,4.06,4.06,4.06,4.06,59.3228,701,0.0,1.0
2013-05-13,4.0,4.0,4.0,4.0,58.4461,0,0.0,1.0
2013-05-10,4.0,4.0,4.0,4.0,58.4461,0,0.0,1.0
2013-05-09,4.0,4.0,4.0,4.0,58.4461,0,0.0,1.0
2013-05-08,4.0,4.0,4.0,4.0,58.4461,0,0.0,1.0
2013-05-07,4.0,4.0,4.0,4.0,58.4461,0,0.0,1.0
2013-05-06,4.0,4.0,4.0,4.0,58.4461,0,0.0,1.0
2013-05-03,4.0,4.0,4.0,4.0,58.4461,0,0.0,1.0
2013-05-02,3.98,4.05,3.98,4.0,58.4461,3200,0.0,1.0
2013-05-01,4.38,4.38,4.38,4.38,63.9985,0,0.0,1.0
2013-04-30,4.38,4.38,4.38,4.38,63.9985,0,0.0,1.0
2013-04-29,4.38,4.38,4.38,4.38,63.9985,0,0.0,1.0
2013-04-26,4.38,4.38,4.38,4.38,63.9985,0,0.0,1.0
2013-04-25,4.38,4.38,4.38,4.38,63.9985,0,0.0,1.0
2013-04-24,4.38,4.38,4.38,4.38,63.9985,0,0.0,1.0
2013-04-23,4.38,4.38,4.38,4.38,63.9985,0,0.0,1.0
2013-04-22,4.38,4.38,4.38,4.38,63.9985,2000,0.0,1.0
2013-04-19,4.57,4.57,4.57,4.57,66.7747,1412,0.0,1.0
2013-04-18,4.48,4.48,4.48,4.48,65.4597,2000,0.0,1.0
2013-04-17,4.4,4.54,4.4,4.54,66.3363,1300,0.0,1.0
2013-04-16,4.77,4.77,4.77,4.77,69.697,0,0.0,1.0
2013-04-15,4.77,4.77,4.77,4.77,69.697,1412,0.0,1.0
2013-04-12,4.8,4.8,4.8,4.8,70.1353,0,0.0,1.0
2013-04-11,4.8,4.8,4.8,4.8,70.1353,1412,0.0,1.0
2013-04-10,4.5,4.5,4.5,4.5,65.7519,0,0.0,1.0
2013-04-09,4.5,4.5,4.5,4.5,65.7519,0,0.0,1.0
2013-04-08,4.5,4.5,4.5,4.5,65.7519,983,0.0,1.0
2013-04-05,5.15,5.15,5.15,5.15,75.2494,0,0.0,1.0
2013-04-04,5.15,5.15,5.15,5.15,75.2494,0,0.0,1.0
2013-04-03,5.15,5.15,5.15,5.15,75.2494,0,0.0,1.0
2013-04-02,4.71,5.15,4.71,5.15,75.2494,500,0.0,1.0
2013-04-01,4.81,4.81,4.81,4.81,70.2815,0,0.0,1.0
2013-03-28,4.81,4.81,4.81,4.81,70.2815,0,0.0,1.0
2013-03-27,4.81,4.81,4.81,4.81,70.2815,0,0.0,1.0
2013-03-26,4.81,4.81,4.81,4.81,70.2815,200,0.0,1.0
2013-03-25,4.62,4.62,4.62,4.62,67.5053,100,0.0,1.0
2013-03-22,4.5,4.5,4.5,4.5,65.7519,0,0.0,1.0
2013-03-21,4.51,4.6,4.5,4.5,65.7519,400,0.0,1.0
2013-03-20,4.51,4.51,4.51,4.51,65.898,100,0.0,1.0
2013-03-19,4.7,5.0,4.7,5.0,73.0577,1082,0.0,1.0
2013-03-18,4.7,4.7,4.7,4.7,68.6742,0,0.0,1.0
2013-03-15,4.57,4.7,4.57,4.7,68.6742,282,0.0,1.0
2013-03-14,4.63,4.63,4.63,4.63,67.6514,0,0.0,1.0
2013-03-13,4.63,4.63,4.63,4.63,67.6514,0,0.0,1.0
2013-03-12,4.63,4.63,4.63,4.63,67.6514,600,0.0,1.0
2013-03-11,4.83,4.83,4.83,4.83,70.5737,0,0.0,1.0
2013-03-08,4.83,4.83,4.83,4.83,70.5737,300,0.0,1.0
2013-03-07,4.65,4.65,4.65,4.65,67.9436,0,0.0,1.0
2013-03-06,4.65,4.65,4.65,4.65,67.9436,0,0.0,1.0
2013-03-05,4.65,4.65,4.65,4.65,67.9436,0,0.0,1.0
2013-03-04,4.65,4.65,4.65,4.65,67.9436,0,0.0,1.0
2013-03-01,4.65,4.65,4.65,4.65,67.9436,300,0.0,1.0
2013-02-28,4.59,4.59,4.59,4.59,67.0669,0,0.0,1.0
2013-02-27,4.59,4.59,4.59,4.59,67.0669,0,0.0,1.0
2013-02-26,4.59,4.59,4.59,4.59,67.0669,0,0.0,1.0
2013-02-25,4.59,4.59,4.59,4.59,67.0669,0,0.0,1.0
2013-02-22,4.59,4.59,4.59,4.59,67.0669,300,0.0,1.0
2013-02-21,5.1,5.1,5.1,5.1,74.5188,0,0.0,1.0
2013-02-20,5.1,5.1,5.1,5.1,74.5188,0,0.0,1.0
2013-02-19,5.1,5.1,5.1,5.1,74.5188,0,0.0,1.0
2013-02-15,5.1,5.1,5.1,5.1,74.5188,0,0.0,1.0
2013-02-14,5.1,5.1,5.1,5.1,74.5188,0,0.0,1.0
2013-02-13,5.1,5.1,5.1,5.1,74.5188,0,0.0,1.0
2013-02-12,5.1,5.1,5.1,5.1,74.5188,0,0.0,1.0
2013-02-11,5.1,5.1,5.1,5.1,74.5188,0,0.0,1.0
2013-02-08,5.1,5.1,5.1,5.1,74.5188,0,0.0,1.0
2013-02-07,5.1,5.1,5.1,5.1,74.5188,0,0.0,1.0
2013-02-06,5.1,5.1,5.1,5.1,74.5188,0,0.0,1.0
2013-02-05,5.1,5.1,5.1,5.1,74.5188,0,0.0,1.0
2013-02-04,5.1,5.1,5.1,5.1,74.5188,0,0.0,1.0
2013-02-01,5.1,5.1,5.1,5.1,74.5188,0,0.0,1.0
2013-01-31,5.1,5.1,5.1,5.1,74.5188,0,0.0,1.0
2013-01-30,5.1,5.1,5.1,5.1,74.5188,0,0.0,1.0
2013-01-29,5.1,5.1,5.1,5.1,74.5188,0,0.0,1.0
2013-01-28,5.1,5.1,5.1,5.1,74.5188,0,0.0,1.0
2013-01-25,5.1,5.1,5.1,5.1,74.5188,0,0.0,1.0
2013-01-24,5.1,5.1,5.1,5.1,74.5188,0,0.0,1.0
2013-01-23,5.1,5.1,5.1,5.1,74.5188,0,0.0,1.0
2013-01-22,5.1,5.1,5.1,5.1,74.5188,0,0.0,1.0
2013-01-18,5.1,5.1,5.1,5.1,74.5188,0,0.0,1.0
2013-01-17,5.1,5.1,5.1,5.1,74.5188,0,0.0,1.0
2013-01-16,5.1,5.1,5.1,5.1,74.5188,0,0.0,1.0
2013-01-15,5.1,5.1,5.1,5.1,74.5188,0,0.0,1.0
2013-01-14,5.0,5.1,5.0,5.1,74.5188,600,0.0,1.0
2013-01-11,4.75,4.75,4.75,4.75,69.4048,0,0.0,1.0
2013-01-10,4.75,4.75,4.75,4.75,69.4048,0,0.0,1.0
2013-01-09,4.75,4.75,4.75,4.75,69.4048,0,0.0,1.0
2013-01-08,4.75,4.75,4.75,4.75,69.4048,0,0.0,1.0
2013-01-07,4.75,4.75,4.75,4.75,69.4048,0,0.0,1.0
2013-01-04,4.75,4.75,4.75,4.75,69.4048,0,0.0,1.0
2013-01-03,4.75,4.75,4.75,4.75,69.4048,100,0.0,1.0
2013-01-02,4.85,5.0,4.85,5.0,73.0577,200,0.0,1.0
2012-12-31,4.74,4.74,4.74,4.74,69.2587,0,0.0,1.0
2012-12-28,4.74,4.74,4.74,4.74,69.2587,0,0.0,1.0
2012-12-27,4.74,4.74,4.74,4.74,69.2587,0,0.0,1.0
2012-12-26,4.74,4.74,4.74,4.74,69.2587,0,0.0,1.0
2012-12-24,4.74,4.74,4.74,4.74,69.2587,0,0.0,1.0
2012-12-21,4.74,4.74,4.74,4.74,69.2587,0,0.0,1.0
2012-12-20,4.85,4.85,4.74,4.74,69.2587,318,0.0,1.0
2012-12-19,5.0,5.0,5.0,5.0,73.0577,0,0.0,1.0
2012-12-18,5.0,5.0,5.0,5.0,73.0577,0,0.0,1.0
2012-12-17,5.0,5.0,5.0,5.0,73.0577,0,0.0,1.0
2012-12-14,5.0,5.0,5.0,5.0,73.0577,0,0.0,1.0
2012-12-13,5.0,5.0,5.0,5.0,73.0577,0,0.0,1.0
2012-12-12,5.0,5.0,5.0,5.0,73.0577,0,0.0,1.0
2012-12-11,5.0,5.0,5.0,5.0,73.0577,0,0.0,1.0
2012-12-10,5.0,5.0,5.0,5.0,73.0577,0,0.0,1.0
2012-12-07,5.0,5.0,5.0,5.0,73.0577,0,0.0,1.0
2012-12-06,5.0,5.0,5.0,5.0,73.0577,0,0.0,1.0
2012-12-05,5.0,5.0,5.0,5.0,73.0577,0,0.0,1.0
2012-12-04,4.8,5.0,4.8,5.0,73.0577,400,0.0,1.0
2012-12-03,5.0,5.0,5.0,5.0,73.0577,0,0.0,1.0
2012-11-30,5.0,5.0,5.0,5.0,73.0577,0,0.0,1.0
2012-11-29,5.0,5.0,5.0,5.0,73.0577,0,0.0,1.0
2012-11-28,5.0,5.0,5.0,5.0,73.0577,0,0.0,1.0
2012-11-27,5.0,5.0,5.0,5.0,73.0577,100,0.0,1.0
2012-11-26,4.85,4.85,4.85,4.85,70.8659,0,0.0,1.0
2012-11-23,4.85,4.85,4.85,4.85,70.8659,0,0.0,1.0
2012-11-21,4.85,4.85,4.85,4.85,70.8659,500,0.0,1.0
2012-11-20,4.88,4.88,4.88,4.88,71.3043,0,0.0,1.0
2012-11-19,4.85,4.88,4.85,4.88,71.3043,1400,0.0,1.0
2012-11-16,4.75,4.75,4.75,4.75,69.4048,100,0.0,1.0
2012-11-15,5.0,5.0,5.0,5.0,73.0577,0,0.0,1.0
2012-11-14,5.0,5.04,4.75,5.0,73.0577,1850,0.0,1.0
2012-11-13,5.0,5.1,5.0,5.0,73.0577,500,0.0,1.0
2012-11-12,5.0,5.0,5.0,5.0,73.0577,1500,0.0,1.0
2012-11-09,5.5,5.5,5.5,5.5,80.3634,0,0.0,1.0
2012-11-08,5.5,5.5,5.5,5.5,80.3634,0,0.0,1.0
2012-11-07,5.5,5.5,5.5,5.5,80.3634,0,0.0,1.0
2012-11-06,5.5,5.5,5.5,5.5,80.3634,100,0.0,1.0
