timestamp,open,high,low,close,volume
2019-08-06 16:00:00,8.7,8.73,8.685,8.72,172917
2019-08-06 15:55:00,8.695,8.705,8.67,8.695,92476
2019-08-06 15:50:00,8.705,8.7125,8.69,8.69,68264
2019-08-06 15:45:00,8.7,8.71,8.675,8.705,59352
2019-08-06 15:40:00,8.695,8.71,8.69,8.705,33271
2019-08-06 15:35:00,8.68,8.71,8.68,8.695,38526
2019-08-06 15:30:00,8.685,8.69,8.67,8.69,24049
2019-08-06 15:25:00,8.685,8.69,8.66,8.68,42863
2019-08-06 15:20:00,8.695,8.7,8.67,8.685,15844
2019-08-06 15:15:00,8.695,8.7,8.67,8.7,34162
2019-08-06 15:10:00,8.69,8.7,8.69,8.695,18138
2019-08-06 15:05:00,8.68,8.69,8.67,8.685,32020
2019-08-06 15:00:00,8.69,8.695,8.67,8.675,18749
2019-08-06 14:55:00,8.7,8.71,8.67,8.695,28085
2019-08-06 14:50:00,8.7,8.7,8.675,8.695,22915
2019-08-06 14:45:00,8.67,8.695,8.66,8.695,21254
2019-08-06 14:40:00,8.675,8.7,8.66,8.665,27335
2019-08-06 14:35:00,8.675,8.68,8.65,8.675,18455
2019-08-06 14:30:00,8.685,8.7,8.67,8.68,29122
2019-08-06 14:25:00,8.68,8.69,8.66,8.69,21903
2019-08-06 14:20:00,8.685,8.7,8.68,8.68,17742
2019-08-06 14:15:00,8.625,8.69,8.62,8.68,19309
2019-08-06 14:10:00,8.64,8.64,8.615,8.62,14906
2019-08-06 14:05:00,8.64,8.67,8.6209,8.64,39819
2019-08-06 14:00:00,8.58,8.64,8.58,8.64,27928
2019-08-06 13:55:00,8.57,8.59,8.57,8.58,20883
2019-08-06 13:50:00,8.58,8.59,8.57,8.58,14672
2019-08-06 13:45:00,8.6,8.6,8.58,8.58,20590
2019-08-06 13:40:00,8.5901,8.61,8.585,8.605,20417
2019-08-06 13:35:00,8.61,8.61,8.59,8.595,25267
2019-08-06 13:30:00,8.62,8.62,8.59,8.615,19194
2019-08-06 13:25:00,8.605,8.62,8.585,8.62,13901
2019-08-06 13:20:00,8.6165,8.63,8.59,8.61,25985
2019-08-06 13:15:00,8.64,8.64,8.6,8.615,31382
2019-08-06 13:10:00,8.6364,8.65,8.62,8.64,22061
2019-08-06 13:05:00,8.635,8.64,8.62,8.635,35143
2019-08-06 13:00:00,8.68,8.68,8.625,8.635,16456
2019-08-06 12:55:00,8.665,8.68,8.6252,8.68,31111
2019-08-06 12:50:00,8.685,8.69,8.66,8.665,30632
2019-08-06 12:45:00,8.72,8.72,8.67,8.685,33873
2019-08-06 12:40:00,8.72,8.7342,8.7,8.71,20245
2019-08-06 12:35:00,8.67,8.72,8.66,8.72,19190
2019-08-06 12:30:00,8.63,8.69,8.63,8.67,24577
2019-08-06 12:25:00,8.62,8.64,8.62,8.63,22699
2019-08-06 12:20:00,8.6573,8.6573,8.62,8.62,30336
2019-08-06 12:15:00,8.65,8.6535,8.63,8.65,24996
2019-08-06 12:10:00,8.665,8.665,8.62,8.66,33380
2019-08-06 12:05:00,8.74,8.75,8.6655,8.67,27500
2019-08-06 12:00:00,8.73,8.75,8.72,8.73,44279
2019-08-06 11:55:00,8.805,8.8096,8.73,8.73,13379
2019-08-06 11:50:00,8.805,8.81,8.77,8.81,34194
2019-08-06 11:45:00,8.7934,8.82,8.79,8.805,16379
2019-08-06 11:40:00,8.7652,8.8,8.7652,8.8,12304
2019-08-06 11:35:00,8.78,8.79,8.74,8.765,74225
2019-08-06 11:30:00,8.815,8.815,8.77,8.775,8738
2019-08-06 11:25:00,8.7891,8.82,8.7891,8.815,33737
2019-08-06 11:20:00,8.8,8.8,8.78,8.78,15561
2019-08-06 11:15:00,8.82,8.82,8.8005,8.8005,9340
2019-08-06 11:10:00,8.8,8.84,8.8,8.83,19928
2019-08-06 11:05:00,8.81,8.81,8.76,8.795,32851
2019-08-06 11:00:00,8.785,8.82,8.785,8.8149,14472
2019-08-06 10:55:00,8.7485,8.81,8.7485,8.78,19678
2019-08-06 10:50:00,8.81,8.81,8.73,8.745,39899
2019-08-06 10:45:00,8.8612,8.865,8.82,8.82,21493
2019-08-06 10:40:00,8.87,8.8753,8.82,8.87,22230
2019-08-06 10:35:00,8.835,8.88,8.835,8.869,14129
2019-08-06 10:30:00,8.87,8.89,8.84,8.84,8943
2019-08-06 10:25:00,8.83,8.87,8.805,8.867,17230
2019-08-06 10:20:00,8.8587,8.86,8.8,8.84,44414
2019-08-06 10:15:00,8.8799,8.88,8.84,8.8529,35594
2019-08-06 10:10:00,8.91,8.93,8.86,8.88,27514
2019-08-06 10:05:00,8.97,9.0,8.92,8.92,17453
2019-08-06 10:00:00,9.0,9.0,8.9246,8.95,27975
2019-08-06 09:55:00,8.98,9.01,8.96,9.0,12166
2019-08-06 09:50:00,9.06,9.06,8.95,8.98,24511
2019-08-06 09:45:00,9.14,9.14,9.06,9.09,20435
2019-08-06 09:40:00,9.16,9.19,9.15,9.15,11909
2019-08-06 09:35:00,9.16,9.25,9.11,9.17,26555
2019-08-05 16:00:00,9.07,9.07,9.04,9.04,80087
2019-08-05 15:55:00,9.055,9.08,9.04,9.065,74233
2019-08-05 15:50:00,9.08,9.1,9.04,9.05,42090
2019-08-05 15:45:00,9.055,9.09,9.055,9.07,33526
2019-08-05 15:40:00,9.03,9.09,9.02,9.055,43592
2019-08-05 15:35:00,9.03,9.04,8.985,9.04,48205
2019-08-05 15:30:00,8.95,9.07,8.92,9.04,148688
2019-08-05 15:25:00,8.98,8.98,8.94,8.94,25313
2019-08-05 15:20:00,8.95,8.98,8.935,8.98,18639
2019-08-05 15:15:00,8.89,8.95,8.8839,8.95,16867
2019-08-05 15:10:00,8.905,8.91,8.875,8.885,30490
2019-08-05 15:05:00,8.95,8.95,8.91,8.91,13745
2019-08-05 15:00:00,8.94,8.95,8.93,8.9401,19709
2019-08-05 14:55:00,8.945,8.96,8.94,8.945,13134
2019-08-05 14:50:00,8.935,8.965,8.935,8.95,19834
2019-08-05 14:45:00,8.935,8.94,8.93,8.93,20254
2019-08-05 14:40:00,8.93,8.95,8.93,8.93,5553
2019-08-05 14:35:00,8.9226,8.9331,8.9047,8.93,29068
2019-08-05 14:30:00,8.95,8.95,8.93,8.93,17814
2019-08-05 14:25:00,8.96,8.97,8.95,8.9538,5319
2019-08-05 14:20:00,8.945,8.97,8.945,8.96,24359
2019-08-05 14:15:00,8.955,8.96,8.93,8.945,28863
2019-08-05 14:10:00,8.9589,8.96,8.955,8.96,11934
2019-08-05 14:05:00,8.96,8.97,8.95,8.9532,18432
2019-08-05 14:00:00,8.97,8.97,8.96,8.97,19279
2019-08-05 13:55:00,8.9699,8.97,8.96,8.965,3833
2019-08-05 13:50:00,8.97,8.97,8.95,8.97,14430
2019-08-05 13:45:00,9.0048,9.01,8.97,8.98,18066
2019-08-05 13:40:00,8.99,9.01,8.98,9.01,24248
2019-08-05 13:35:00,9.005,9.005,8.98,8.99,36489
2019-08-05 13:30:00,9.0099,9.01,9.0049,9.005,2902
2019-08-05 13:25:00,9.015,9.015,9.0,9.01,10167
2019-08-05 13:20:00,9.005,9.015,9.0,9.01,17963
2019-08-05 13:15:00,9.015,9.02,9.0,9.0,7786
2019-08-05 13:10:00,9.015,9.02,9.01,9.01,11913
2019-08-05 13:05:00,9.01,9.02,9.01,9.01,10310
2019-08-05 13:00:00,9.03,9.03,9.01,9.015,21502
2019-08-05 12:55:00,9.02,9.035,9.02,9.035,8264
2019-08-05 12:50:00,9.035,9.035,9.02,9.02,9889
2019-08-05 12:45:00,9.03,9.04,9.03,9.03,8889
2019-08-05 12:40:00,9.045,9.05,9.03,9.04,36310
2019-08-05 12:35:00,9.07,9.08,9.04,9.04,4452
2019-08-05 12:30:00,9.08,9.085,9.05,9.075,18029
2019-08-05 12:25:00,9.1053,9.1053,9.07,9.08,13229
2019-08-05 12:20:00,9.07,9.11,9.06,9.11,24119
2019-08-05 12:15:00,9.0299,9.08,9.02,9.07,20120
2019-08-05 12:10:00,9.02,9.04,9.02,9.03,17641
2019-08-05 12:05:00,9.03,9.03,9.02,9.02,13352
2019-08-05 12:00:00,9.06,9.06,9.03,9.03,4962
2019-08-05 11:55:00,9.07,9.07,9.055,9.0699,7509
2019-08-05 11:50:00,9.045,9.065,9.04,9.055,8719
2019-08-05 11:45:00,9.04,9.065,9.04,9.045,23220
2019-08-05 11:40:00,9.03,9.06,9.03,9.05,13808
2019-08-05 11:35:00,9.045,9.05,9.03,9.04,49351
2019-08-05 11:30:00,9.07,9.08,9.04,9.04,29817
2019-08-05 11:25:00,9.115,9.12,9.07,9.07,8246
2019-08-05 11:20:00,9.1,9.1201,9.075,9.11,17982
2019-08-05 11:15:00,9.06,9.105,9.06,9.105,9699
2019-08-05 11:10:00,9.05,9.08,9.042,9.06,14646
2019-08-05 11:05:00,9.045,9.05,9.04,9.045,15523
2019-08-05 11:00:00,9.04,9.05,9.02,9.04,11700
2019-08-05 10:55:00,9.04,9.07,9.02,9.03,15892
2019-08-05 10:50:00,9.03,9.065,9.02,9.045,18131
2019-08-05 10:45:00,9.025,9.04,9.02,9.03,27923
2019-08-05 10:40:00,9.06,9.06,9.02,9.03,18946
2019-08-05 10:35:00,9.0572,9.095,9.05,9.06,23462
2019-08-05 10:30:00,9.06,9.08,9.05,9.06,15039
2019-08-05 10:25:00,9.03,9.11,9.03,9.06,21922
2019-08-05 10:20:00,9.04,9.1,9.0203,9.04,14117
2019-08-05 10:15:00,9.025,9.06,9.0197,9.04,25803
2019-08-05 10:10:00,9.03,9.045,9.02,9.03,8221
2019-08-05 10:05:00,9.05,9.06,9.02,9.03,11959
2019-08-05 10:00:00,9.02,9.1199,9.0,9.04,72907
2019-08-05 09:55:00,9.0,9.06,8.99,9.0219,24363
2019-08-05 09:50:00,8.96,9.01,8.93,9.0046,67421
2019-08-05 09:45:00,9.02,9.02,8.94,8.95,71533
2019-08-05 09:40:00,9.13,9.1327,9.0,9.02,61743
2019-08-05 09:35:00,9.44,9.4597,9.07,9.13,60134
2019-08-02 16:00:00,9.455,9.46,9.45,9.46,64693
2019-08-02 15:55:00,9.415,9.46,9.415,9.46,52668
2019-08-02 15:50:00,9.42,9.42,9.41,9.415,28799
2019-08-02 15:45:00,9.42,9.42,9.4,9.415,27153
2019-08-02 15:40:00,9.405,9.435,9.39,9.415,28971
2019-08-02 15:35:00,9.435,9.44,9.4,9.4,14284
2019-08-02 15:30:00,9.435,9.45,9.43,9.44,10121
2019-08-02 15:25:00,9.415,9.44,9.415,9.43,14191
2019-08-02 15:20:00,9.42,9.42,9.41,9.41,4412
2019-08-02 15:15:00,9.42,9.42,9.41,9.415,2816
2019-08-02 15:10:00,9.45,9.4523,9.39,9.415,18619
2019-08-02 15:05:00,9.455,9.46,9.45,9.45,3958
2019-08-02 15:00:00,9.465,9.47,9.45,9.46,12887
2019-08-02 14:55:00,9.47,9.475,9.46,9.46,8284
2019-08-02 14:50:00,9.5,9.505,9.47,9.4752,13166
2019-08-02 14:45:00,9.505,9.51,9.5,9.5,4878
2019-08-02 14:40:00,9.495,9.51,9.49,9.51,7418
2019-08-02 14:35:00,9.5,9.51,9.49,9.49,5174
2019-08-02 14:30:00,9.515,9.515,9.485,9.5,13067
2019-08-02 14:25:00,9.51,9.52,9.5,9.515,13307
2019-08-02 14:20:00,9.51,9.51,9.5,9.5062,4593
2019-08-02 14:15:00,9.51,9.51,9.5,9.5,8239
2019-08-02 14:10:00,9.51,9.52,9.51,9.515,18663
2019-08-02 14:05:00,9.49,9.51,9.48,9.51,15409
2019-08-02 14:00:00,9.49,9.5,9.49,9.49,3097
2019-08-02 13:55:00,9.5,9.51,9.49,9.49,18304
2019-08-02 13:50:00,9.54,9.54,9.5,9.5,5383
2019-08-02 13:45:00,9.53,9.54,9.51,9.53,10192
2019-08-02 13:40:00,9.555,9.56,9.52,9.53,8520
2019-08-02 13:35:00,9.545,9.56,9.545,9.5559,6821
2019-08-02 13:30:00,9.54,9.545,9.53,9.54,7389
2019-08-02 13:25:00,9.54,9.55,9.53,9.54,8782
2019-08-02 13:20:00,9.555,9.5563,9.54,9.54,6546
2019-08-02 13:15:00,9.545,9.55,9.54,9.55,9039
2019-08-02 13:10:00,9.56,9.56,9.54,9.54,13510
2019-08-02 13:05:00,9.545,9.57,9.52,9.57,6231
2019-08-02 13:00:00,9.535,9.57,9.53,9.54,13828
2019-08-02 12:55:00,9.555,9.555,9.53,9.535,5414
2019-08-02 12:50:00,9.55,9.57,9.55,9.55,8790
2019-08-02 12:45:00,9.5666,9.57,9.55,9.55,4776
2019-08-02 12:40:00,9.58,9.58,9.56,9.56,10668
2019-08-02 12:35:00,9.62,9.63,9.59,9.59,8748
2019-08-02 12:30:00,9.615,9.63,9.59,9.62,23951
2019-08-02 12:25:00,9.6356,9.6356,9.6,9.61,11846
2019-08-02 12:20:00,9.605,9.63,9.605,9.63,23648
2019-08-02 12:15:00,9.6,9.605,9.58,9.6,15217
2019-08-02 12:10:00,9.5822,9.6,9.56,9.6,12330
2019-08-02 12:05:00,9.59,9.595,9.575,9.59,14654
2019-08-02 12:00:00,9.56,9.595,9.555,9.595,12747
2019-08-02 11:55:00,9.53,9.57,9.53,9.56,10275
2019-08-02 11:50:00,9.52,9.5223,9.51,9.52,8945
2019-08-02 11:45:00,9.53,9.54,9.51,9.52,5746
2019-08-02 11:40:00,9.52,9.53,9.51,9.53,8087
2019-08-02 11:35:00,9.525,9.53,9.52,9.52,9778
2019-08-02 11:30:00,9.5,9.52,9.5,9.52,10129
2019-08-02 11:25:00,9.53,9.53,9.49,9.5,14539
2019-08-02 11:20:00,9.49,9.54,9.49,9.54,9443
2019-08-02 11:15:00,9.46,9.5099,9.45,9.49,22687
2019-08-02 11:10:00,9.44,9.47,9.43,9.46,29426
2019-08-02 11:05:00,9.455,9.46,9.44,9.44,10798
2019-08-02 11:00:00,9.455,9.475,9.45,9.45,40548
2019-08-02 10:55:00,9.48,9.49,9.45,9.45,56898
2019-08-02 10:50:00,9.5,9.515,9.47,9.48,29865
2019-08-02 10:45:00,9.49,9.52,9.47,9.5,40399
2019-08-02 10:40:00,9.505,9.505,9.48,9.49,73199
2019-08-02 10:35:00,9.51,9.51,9.47,9.505,45732
2019-08-02 10:30:00,9.505,9.52,9.49,9.5,12423
2019-08-02 10:25:00,9.49,9.52,9.48,9.5,18850
2019-08-02 10:20:00,9.51,9.5299,9.49,9.49,6998
2019-08-02 10:15:00,9.49,9.525,9.49,9.515,25269
2019-08-02 10:10:00,9.51,9.54,9.49,9.4957,10325
2019-08-02 10:05:00,9.5,9.52,9.49,9.5,27922
2019-08-02 10:00:00,9.51,9.53,9.49,9.52,17381
2019-08-02 09:55:00,9.53,9.57,9.52,9.53,18405
2019-08-02 09:50:00,9.52,9.55,9.49,9.52,24709
2019-08-02 09:45:00,9.63,9.63,9.52,9.53,7225
2019-08-02 09:40:00,9.53,9.63,9.49,9.62,23834
2019-08-02 09:35:00,9.615,9.615,9.51,9.51,18894
2019-08-01 16:00:00,9.7,9.715,9.67,9.67,129642
2019-08-01 15:55:00,9.65,9.705,9.645,9.7,79671
2019-08-01 15:50:00,9.67,9.68,9.66,9.66,14961
2019-08-01 15:45:00,9.685,9.69,9.66,9.675,24517
2019-08-01 15:40:00,9.69,9.7,9.68,9.69,13870
2019-08-01 15:35:00,9.69,9.7,9.67,9.69,22487
2019-08-01 15:30:00,9.71,9.72,9.68,9.69,11739
2019-08-01 15:25:00,9.69,9.72,9.69,9.7,8067
2019-08-01 15:20:00,9.68,9.71,9.66,9.695,8217
2019-08-01 15:15:00,9.7,9.7,9.66,9.685,12381
2019-08-01 15:10:00,9.73,9.74,9.69,9.7,9893
2019-08-01 15:05:00,9.74,9.75,9.68,9.73,24164
2019-08-01 15:00:00,9.74,9.755,9.7299,9.745,44938
2019-08-01 14:55:00,9.76,9.77,9.74,9.75,28784
2019-08-01 14:50:00,9.69,9.76,9.68,9.76,29244
2019-08-01 14:45:00,9.67,9.71,9.67,9.69,20289
2019-08-01 14:40:00,9.67,9.69,9.65,9.675,22622
2019-08-01 14:35:00,9.66,9.67,9.63,9.67,28868
2019-08-01 14:30:00,9.63,9.655,9.6,9.64,48360
2019-08-01 14:25:00,9.65,9.65,9.62,9.64,22779
2019-08-01 14:20:00,9.64,9.66,9.62,9.65,18572
2019-08-01 14:15:00,9.65,9.66,9.6056,9.645,26648
2019-08-01 14:10:00,9.665,9.68,9.64,9.66,18237
2019-08-01 14:05:00,9.7,9.72,9.66,9.66,14526
2019-08-01 14:00:00,9.62,9.68,9.6,9.68,25533
2019-08-01 13:55:00,9.66,9.71,9.6,9.63,29841
2019-08-01 13:50:00,9.61,9.7,9.59,9.68,55058
2019-08-01 13:45:00,9.64,9.7,9.6,9.63,27067
2019-08-01 13:40:00,9.68,9.69,9.64,9.64,20601
2019-08-01 13:35:00,9.67,9.72,9.65,9.69,22296
2019-08-01 13:30:00,9.74,9.75,9.65,9.67,29971
2019-08-01 13:25:00,9.72,9.743,9.71,9.743,16409
2019-08-01 13:20:00,9.72,9.7242,9.7,9.72,24880
2019-08-01 13:15:00,9.71,9.73,9.691,9.725,18586
2019-08-01 13:10:00,9.7,9.7242,9.695,9.71,15486
2019-08-01 13:05:00,9.69,9.71,9.66,9.7,20255
2019-08-01 13:00:00,9.71,9.71,9.695,9.7,12157
2019-08-01 12:55:00,9.71,9.71,9.69,9.7,8114
2019-08-01 12:50:00,9.69,9.71,9.685,9.71,15836
2019-08-01 12:45:00,9.655,9.7,9.655,9.69,20781
2019-08-01 12:40:00,9.655,9.67,9.65,9.65,13729
2019-08-01 12:35:00,9.65,9.67,9.64,9.65,27312
2019-08-01 12:30:00,9.61,9.64,9.605,9.64,18152
2019-08-01 12:25:00,9.605,9.6268,9.595,9.61,20155
2019-08-01 12:20:00,9.545,9.6,9.54,9.595,45018
2019-08-01 12:15:00,9.55,9.56,9.54,9.54,26816
2019-08-01 12:10:00,9.56,9.57,9.54,9.55,14661
2019-08-01 12:05:00,9.555,9.56,9.55,9.555,1678
2019-08-01 12:00:00,9.57,9.58,9.55,9.555,23462
2019-08-01 11:55:00,9.57,9.58,9.55,9.565,9839
2019-08-01 11:50:00,9.54,9.57,9.54,9.57,5718
2019-08-01 11:45:00,9.535,9.55,9.53,9.54,14836
2019-08-01 11:40:00,9.53,9.54,9.52,9.54,8935
2019-08-01 11:35:00,9.535,9.535,9.52,9.53,10206
2019-08-01 11:30:00,9.52,9.53,9.515,9.525,15310
2019-08-01 11:25:00,9.515,9.53,9.51,9.52,10854
2019-08-01 11:20:00,9.5,9.52,9.49,9.51,4986
2019-08-01 11:15:00,9.505,9.5101,9.5,9.5,10176
2019-08-01 11:10:00,9.531,9.533,9.505,9.51,13955
2019-08-01 11:05:00,9.545,9.55,9.52,9.53,12525
2019-08-01 11:00:00,9.545,9.55,9.54,9.54,10193
2019-08-01 10:55:00,9.52,9.54,9.51,9.5316,13407
2019-08-01 10:50:00,9.51,9.52,9.505,9.51,6581
2019-08-01 10:45:00,9.5,9.51,9.49,9.5,28165
2019-08-01 10:40:00,9.49,9.54,9.47,9.505,174925
2019-08-01 10:35:00,9.48,9.5,9.47,9.49,6255
2019-08-01 10:30:00,9.47,9.49,9.42,9.4873,17978
2019-08-01 10:25:00,9.49,9.49,9.46,9.47,8114
2019-08-01 10:20:00,9.5,9.5,9.48,9.48,8793
2019-08-01 10:15:00,9.4899,9.51,9.47,9.5,24921
2019-08-01 10:10:00,9.46,9.51,9.46,9.485,10302
2019-08-01 10:05:00,9.49,9.505,9.46,9.47,5636
2019-08-01 10:00:00,9.475,9.5,9.45,9.49,10092
2019-08-01 09:55:00,9.535,9.535,9.47,9.48,15752
2019-08-01 09:50:00,9.5011,9.54,9.5,9.535,11095
2019-08-01 09:45:00,9.56,9.57,9.5,9.51,16987
2019-08-01 09:40:00,9.52,9.6,9.52,9.55,32199
2019-08-01 09:35:00,9.45,9.53,9.4,9.53,29058
2019-07-31 16:00:00,9.46,9.48,9.46,9.47,67348
2019-07-31 15:55:00,9.5,9.51,9.46,9.47,61832
2019-07-31 15:50:00,9.53,9.53,9.5,9.5,33919
2019-07-31 15:45:00,9.4937,9.53,9.48,9.53,28688
2019-07-31 15:40:00,9.51,9.52,9.49,9.495,20289
2019-07-31 15:35:00,9.54,9.55,9.5,9.51,36463
2019-07-31 15:30:00,9.52,9.56,9.51,9.55,38403
2019-07-31 15:25:00,9.485,9.52,9.48,9.51,22588
2019-07-31 15:20:00,9.47,9.49,9.45,9.49,13706
2019-07-31 15:15:00,9.48,9.48,9.44,9.47,26426
2019-07-31 15:10:00,9.45,9.5,9.45,9.49,22550
2019-07-31 15:05:00,9.41,9.46,9.4,9.445,32703
2019-07-31 15:00:00,9.405,9.42,9.3875,9.41,21890
2019-07-31 14:55:00,9.43,9.44,9.34,9.4001,48783
2019-07-31 14:50:00,9.48,9.485,9.43,9.43,46675
2019-07-31 14:45:00,9.5,9.53,9.4799,9.4799,15572
2019-07-31 14:40:00,9.56,9.56,9.5,9.505,14803
2019-07-31 14:35:00,9.55,9.56,9.55,9.55,4873
2019-07-31 14:30:00,9.53,9.56,9.53,9.55,7742
2019-07-31 14:25:00,9.56,9.56,9.525,9.53,7748
2019-07-31 14:20:00,9.55,9.56,9.5372,9.55,18013
2019-07-31 14:15:00,9.5516,9.57,9.54,9.55,12911
2019-07-31 14:10:00,9.53,9.57,9.53,9.55,7324
2019-07-31 14:05:00,9.56,9.57,9.53,9.54,5697
2019-07-31 14:00:00,9.5625,9.59,9.5625,9.57,32788
2019-07-31 13:55:00,9.59,9.59,9.57,9.57,14069
2019-07-31 13:50:00,9.59,9.595,9.57,9.595,16913
2019-07-31 13:45:00,9.56,9.59,9.56,9.58,9579
2019-07-31 13:40:00,9.565,9.57,9.56,9.57,1877
2019-07-31 13:35:00,9.53,9.57,9.53,9.56,14022
2019-07-31 13:30:00,9.54,9.54,9.53,9.53,4628
2019-07-31 13:25:00,9.545,9.545,9.53,9.54,4688
2019-07-31 13:20:00,9.56,9.57,9.54,9.5401,11408
2019-07-31 13:15:00,9.57,9.57,9.55,9.56,5162
2019-07-31 13:10:00,9.585,9.585,9.56,9.56,6585
2019-07-31 13:05:00,9.59,9.595,9.58,9.59,3737
2019-07-31 13:00:00,9.6,9.6,9.57,9.6,12227
2019-07-31 12:55:00,9.585,9.6,9.56,9.5927,15768
2019-07-31 12:50:00,9.59,9.595,9.58,9.59,9632
2019-07-31 12:45:00,9.595,9.6,9.59,9.595,4384
2019-07-31 12:40:00,9.5901,9.61,9.59,9.59,24258
2019-07-31 12:35:00,9.585,9.62,9.58,9.6,14622
2019-07-31 12:30:00,9.57,9.59,9.57,9.58,2894
2019-07-31 12:25:00,9.53,9.56,9.53,9.56,17204
2019-07-31 12:20:00,9.55,9.55,9.53,9.53,7296
2019-07-31 12:15:00,9.54,9.55,9.54,9.545,5297
2019-07-31 12:10:00,9.55,9.55,9.54,9.54,9850
2019-07-31 12:05:00,9.54,9.55,9.535,9.54,4499
2019-07-31 12:00:00,9.54,9.55,9.54,9.54,12887
2019-07-31 11:55:00,9.55,9.55,9.54,9.54,5684
2019-07-31 11:50:00,9.555,9.56,9.55,9.55,14819
2019-07-31 11:45:00,9.54,9.57,9.53,9.56,17367
2019-07-31 11:40:00,9.53,9.56,9.53,9.5431,7307
2019-07-31 11:35:00,9.52,9.55,9.51,9.54,15608
2019-07-31 11:30:00,9.52,9.54,9.51,9.51,8764
2019-07-31 11:25:00,9.5,9.53,9.49,9.5205,10128
2019-07-31 11:20:00,9.48,9.5,9.47,9.5,100642
2019-07-31 11:15:00,9.49,9.49,9.47,9.47,12446
2019-07-31 11:10:00,9.5,9.5,9.48,9.49,7642
2019-07-31 11:05:00,9.49,9.5,9.47,9.495,18730
2019-07-31 11:00:00,9.4937,9.5,9.49,9.49,4498
2019-07-31 10:55:00,9.51,9.52,9.49,9.495,12070
2019-07-31 10:50:00,9.47,9.52,9.47,9.515,8732
2019-07-31 10:45:00,9.4799,9.4799,9.46,9.46,8773
2019-07-31 10:40:00,9.47,9.49,9.47,9.48,6440
2019-07-31 10:35:00,9.5,9.51,9.45,9.47,18884
2019-07-31 10:30:00,9.535,9.535,9.5,9.5,8472
2019-07-31 10:25:00,9.54,9.555,9.53,9.53,9375
2019-07-31 10:20:00,9.54,9.54,9.52,9.54,16476
2019-07-31 10:15:00,9.55,9.57,9.55,9.55,7857
2019-07-31 10:10:00,9.54,9.57,9.53,9.56,8421
2019-07-31 10:05:00,9.54,9.54,9.49,9.53,36330
2019-07-31 10:00:00,9.53,9.56,9.515,9.55,10753
2019-07-31 09:55:00,9.53,9.53,9.49,9.52,21637
2019-07-31 09:50:00,9.58,9.58,9.51,9.54,13867
2019-07-31 09:45:00,9.57,9.59,9.54,9.56,13281
2019-07-31 09:40:00,9.55,9.6,9.51,9.5611,21356
2019-07-31 09:35:00,9.56,9.62,9.55,9.585,25913
2019-07-30 16:00:00,9.58,9.585,9.55,9.565,74383
2019-07-30 15:55:00,9.59,9.59,9.58,9.58,20225
2019-07-30 15:50:00,9.555,9.6,9.55,9.58,73343
2019-07-30 15:45:00,9.5325,9.56,9.53,9.56,31469
2019-07-30 15:40:00,9.535,9.535,9.525,9.53,19367
2019-07-30 15:35:00,9.545,9.55,9.53,9.53,11247
2019-07-30 15:30:00,9.53,9.55,9.53,9.5425,17689
2019-07-30 15:25:00,9.54,9.56,9.53,9.535,17117
2019-07-30 15:20:00,9.54,9.5415,9.525,9.53,16683
2019-07-30 15:15:00,9.575,9.575,9.535,9.54,15809
2019-07-30 15:10:00,9.58,9.59,9.57,9.57,7685
2019-07-30 15:05:00,9.585,9.585,9.55,9.57,42183
2019-07-30 15:00:00,9.6,9.6,9.58,9.585,6434
2019-07-30 14:55:00,9.62,9.62,9.59,9.6,39184
2019-07-30 14:50:00,9.64,9.64,9.635,9.635,14685
2019-07-30 14:45:00,9.65,9.65,9.6475,9.6493,3269
2019-07-30 14:40:00,9.64,9.65,9.6395,9.65,22615
2019-07-30 14:35:00,9.6364,9.64,9.6305,9.635,11891
2019-07-30 14:30:00,9.64,9.64,9.64,9.64,52558
2019-07-30 14:25:00,9.58,9.5899,9.58,9.58,3211
2019-07-30 14:20:00,9.595,9.595,9.58,9.58,14222
2019-07-30 14:15:00,9.5754,9.59,9.57,9.59,28682
2019-07-30 14:10:00,9.57,9.58,9.57,9.57,7780
2019-07-30 14:05:00,9.56,9.58,9.555,9.575,20328
2019-07-30 14:00:00,9.56,9.57,9.56,9.56,10637
2019-07-30 13:55:00,9.565,9.565,9.56,9.56,4698
2019-07-30 13:50:00,9.58,9.58,9.56,9.56,5189
2019-07-30 13:45:00,9.58,9.585,9.565,9.565,8760
2019-07-30 13:40:00,9.585,9.59,9.58,9.58,1964
2019-07-30 13:35:00,9.605,9.61,9.57,9.59,18808
2019-07-30 13:30:00,9.62,9.62,9.6,9.6,8498
2019-07-30 13:25:00,9.62,9.6284,9.62,9.62,16036
2019-07-30 13:20:00,9.65,9.66,9.63,9.635,50702
2019-07-30 13:15:00,9.64,9.655,9.615,9.65,52934
2019-07-30 13:10:00,9.645,9.66,9.63,9.64,24351
2019-07-30 13:05:00,9.63,9.66,9.62,9.65,33654
2019-07-30 13:00:00,9.58,9.62,9.58,9.62,24390
2019-07-30 12:55:00,9.55,9.58,9.55,9.57,14186
2019-07-30 12:50:00,9.56,9.57,9.545,9.555,24886
2019-07-30 12:45:00,9.5128,9.5585,9.5128,9.55,23276
2019-07-30 12:40:00,9.49,9.53,9.48,9.52,553014
2019-07-30 12:35:00,9.44,9.5,9.44,9.495,20853
2019-07-30 12:30:00,9.45,9.46,9.44,9.445,3462
2019-07-30 12:25:00,9.48,9.49,9.45,9.455,10869
2019-07-30 12:20:00,9.48,9.5,9.48,9.49,37312
2019-07-30 12:15:00,9.48,9.49,9.48,9.49,3602
2019-07-30 12:10:00,9.48,9.48,9.47,9.47,7192
2019-07-30 12:05:00,9.47,9.49,9.47,9.49,10244
2019-07-30 12:00:00,9.47,9.49,9.47,9.47,10932
2019-07-30 11:55:00,9.42,9.46,9.42,9.46,12286
2019-07-30 11:50:00,9.415,9.43,9.415,9.42,25232
2019-07-30 11:45:00,9.43,9.43,9.41,9.4195,6417
2019-07-30 11:40:00,9.44,9.45,9.425,9.425,24887
2019-07-30 11:35:00,9.4,9.44,9.4,9.43,33886
2019-07-30 11:30:00,9.405,9.41,9.4,9.405,3783
2019-07-30 11:25:00,9.4099,9.41,9.405,9.405,9185
2019-07-30 11:20:00,9.41,9.41,9.4,9.405,11668
2019-07-30 11:15:00,9.41,9.415,9.4,9.41,23273
2019-07-30 11:10:00,9.43,9.43,9.4,9.41,14583
2019-07-30 11:05:00,9.43,9.43,9.4281,9.43,5537
2019-07-30 11:00:00,9.4289,9.43,9.42,9.425,8919
2019-07-30 10:55:00,9.4,9.43,9.4,9.4235,44292
2019-07-30 10:50:00,9.41,9.415,9.4,9.4,9803
2019-07-30 10:45:00,9.429,9.43,9.41,9.42,10140
2019-07-30 10:40:00,9.47,9.475,9.42,9.43,26792
2019-07-30 10:35:00,9.5,9.5,9.4699,9.4699,29316
2019-07-30 10:30:00,9.475,9.5,9.475,9.49,13263
2019-07-30 10:25:00,9.49,9.4916,9.45,9.48,11225
2019-07-30 10:20:00,9.465,9.5,9.465,9.48,43265
2019-07-30 10:15:00,9.455,9.465,9.43,9.46,16649
2019-07-30 10:10:00,9.4475,9.46,9.435,9.455,54781
2019-07-30 10:05:00,9.4,9.46,9.38,9.445,29156
2019-07-30 10:00:00,9.38,9.41,9.37,9.4,19348
2019-07-30 09:55:00,9.38,9.42,9.38,9.39,35562
2019-07-30 09:50:00,9.47,9.47,9.39,9.39,17624
2019-07-30 09:45:00,9.42,9.48,9.4,9.475,127792
2019-07-30 09:40:00,9.42,9.45,9.3805,9.4062,35776
2019-07-30 09:35:00,9.44,9.45,9.409,9.43,16257
2019-07-29 16:00:00,9.485,9.52,9.47,9.52,196773
2019-07-29 15:55:00,9.455,9.49,9.44,9.49,117852
2019-07-29 15:50:00,9.4,9.46,9.39,9.455,63268
2019-07-29 15:45:00,9.36,9.4,9.36,9.39,65216
2019-07-29 15:40:00,9.375,9.3753,9.35,9.365,71810
2019-07-29 15:35:00,9.365,9.4,9.36,9.37,46923
2019-07-29 15:30:00,9.375,9.375,9.35,9.37,35628
2019-07-29 15:25:00,9.38,9.39,9.365,9.375,45110
2019-07-29 15:20:00,9.38,9.42,9.38,9.385,62062
2019-07-29 15:15:00,9.39,9.395,9.35,9.385,33356
2019-07-29 15:10:00,9.405,9.41,9.38,9.38,18624
2019-07-29 15:05:00,9.425,9.43,9.38,9.405,81402
2019-07-29 15:00:00,9.46,9.46,9.41,9.425,37931
2019-07-29 14:55:00,9.45,9.47,9.44,9.465,28593
2019-07-29 14:50:00,9.46,9.46,9.44,9.45,98875
2019-07-29 14:45:00,9.47,9.47,9.44,9.45,51634
2019-07-29 14:40:00,9.445,9.48,9.44,9.46,351109
2019-07-29 14:35:00,9.4501,9.46,9.44,9.445,31518
2019-07-29 14:30:00,9.465,9.47,9.45,9.455,15196
2019-07-29 14:25:00,9.48,9.49,9.46,9.47,35528
2019-07-29 14:20:00,9.48,9.49,9.48,9.48,5874
2019-07-29 14:15:00,9.488,9.49,9.48,9.49,7571
2019-07-29 14:10:00,9.47,9.4863,9.47,9.485,32823
2019-07-29 14:05:00,9.475,9.48,9.47,9.475,10927
2019-07-29 14:00:00,9.485,9.49,9.47,9.475,8348
2019-07-29 13:55:00,9.48,9.49,9.48,9.485,9355
2019-07-29 13:50:00,9.49,9.49,9.47,9.48,26415
2019-07-29 13:45:00,9.505,9.52,9.48,9.49,31110
2019-07-29 13:40:00,9.52,9.53,9.49,9.5051,17877
2019-07-29 13:35:00,9.52,9.53,9.51,9.5201,11773
2019-07-29 13:30:00,9.495,9.54,9.495,9.52,13634
2019-07-29 13:25:00,9.53,9.5323,9.49,9.495,26208
2019-07-29 13:20:00,9.515,9.53,9.51,9.52,13477
2019-07-29 13:15:00,9.525,9.53,9.51,9.515,12842
2019-07-29 13:10:00,9.485,9.54,9.48,9.52,46433
2019-07-29 13:05:00,9.515,9.515,9.48,9.485,34208
2019-07-29 13:00:00,9.515,9.53,9.51,9.51,20680
2019-07-29 12:55:00,9.535,9.5393,9.515,9.52,20243
2019-07-29 12:50:00,9.535,9.54,9.52,9.53,16779
2019-07-29 12:45:00,9.54,9.5493,9.54,9.54,9833
2019-07-29 12:40:00,9.545,9.55,9.54,9.54,9874
2019-07-29 12:35:00,9.545,9.55,9.54,9.545,6901
2019-07-29 12:30:00,9.545,9.55,9.54,9.54,4008
2019-07-29 12:25:00,9.535,9.56,9.53,9.55,12026
2019-07-29 12:20:00,9.5418,9.5418,9.53,9.535,6634
2019-07-29 12:15:00,9.56,9.565,9.54,9.54,6742
2019-07-29 12:10:00,9.545,9.57,9.54,9.56,18133
2019-07-29 12:05:00,9.5499,9.5499,9.5499,9.5499,18849
2019-07-29 12:00:00,9.56,9.56,9.53,9.5494,56406
2019-07-29 11:55:00,9.56,9.57,9.56,9.56,3345
2019-07-29 11:50:00,9.5737,9.575,9.55,9.56,5057
2019-07-29 11:45:00,9.5756,9.58,9.57,9.57,9908
2019-07-29 11:40:00,9.59,9.59,9.57,9.57,11902
2019-07-29 11:35:00,9.55,9.59,9.54,9.59,11516
2019-07-29 11:30:00,9.57,9.57,9.55,9.56,13289
2019-07-29 11:25:00,9.58,9.58,9.54,9.57,22365
2019-07-29 11:20:00,9.57,9.585,9.5613,9.5701,14065
2019-07-29 11:15:00,9.595,9.595,9.55,9.55,14291
2019-07-29 11:10:00,9.575,9.6,9.57,9.595,8348
2019-07-29 11:05:00,9.58,9.59,9.575,9.575,57608
2019-07-29 11:00:00,9.69,9.69,9.61,9.61,28720
2019-07-29 10:55:00,9.64,9.69,9.63,9.69,24081
2019-07-29 10:50:00,9.61,9.635,9.59,9.635,19808
2019-07-29 10:45:00,9.6,9.61,9.59,9.61,39500
2019-07-29 10:40:00,9.565,9.6,9.565,9.595,19512
2019-07-29 10:35:00,9.55,9.58,9.54,9.57,33992
2019-07-29 10:30:00,9.6,9.6,9.54,9.55,15419
2019-07-29 10:25:00,9.57,9.6199,9.55,9.61,24533
2019-07-29 10:20:00,9.585,9.6,9.57,9.57,33691
2019-07-29 10:15:00,9.575,9.6,9.54,9.59,77784
2019-07-29 10:10:00,9.59,9.62,9.55,9.57,34673
2019-07-29 10:05:00,9.56,9.61,9.5281,9.59,329600
2019-07-29 10:00:00,9.62,9.62,9.55,9.56,40722
2019-07-29 09:55:00,9.6699,9.6699,9.58,9.63,50671
2019-07-29 09:50:00,9.72,9.73,9.65,9.679,64131
2019-07-29 09:45:00,9.78,9.7849,9.71,9.7104,44434
2019-07-29 09:40:00,9.88,9.91,9.7702,9.7702,26119
2019-07-29 09:35:00,9.91,9.92,9.85,9.885,17923
2019-07-26 16:00:00,9.935,9.945,9.9,9.91,113973
2019-07-26 15:55:00,9.945,9.95,9.93,9.935,27304
2019-07-26 15:50:00,9.94,9.945,9.925,9.945,29922
2019-07-26 15:45:00,9.945,9.96,9.93,9.94,39203
2019-07-26 15:40:00,9.98,9.985,9.94,9.95,22954
2019-07-26 15:35:00,9.975,9.99,9.9724,9.975,23799
2019-07-26 15:30:00,9.9661,9.975,9.96,9.975,16789
2019-07-26 15:25:00,9.9634,9.97,9.96,9.9699,9219
2019-07-26 15:20:00,9.965,9.97,9.96,9.97,27892
2019-07-26 15:15:00,9.965,9.97,9.96,9.96,12008
2019-07-26 15:10:00,9.96,9.97,9.94,9.9601,27065
2019-07-26 15:05:00,9.965,9.97,9.96,9.96,8014
2019-07-26 15:00:00,9.975,9.98,9.96,9.965,24310
2019-07-26 14:55:00,9.975,9.98,9.97,9.975,6130
2019-07-26 14:50:00,9.975,9.98,9.97,9.9733,24206
2019-07-26 14:45:00,9.96,9.975,9.95,9.975,32690
2019-07-26 14:40:00,9.9429,9.96,9.9429,9.9599,17368
2019-07-26 14:35:00,9.9359,9.95,9.9359,9.945,4549
2019-07-26 14:30:00,9.95,9.96,9.93,9.93,18803
2019-07-26 14:25:00,9.94,9.95,9.935,9.95,8657
2019-07-26 14:20:00,9.94,9.95,9.9331,9.935,6060
2019-07-26 14:15:00,9.92,9.95,9.92,9.945,7438
2019-07-26 14:10:00,9.905,9.915,9.9,9.915,19470
2019-07-26 14:05:00,9.9,9.91,9.9,9.905,21713
2019-07-26 14:00:00,9.875,9.905,9.875,9.89,10060
2019-07-26 13:55:00,9.86,9.88,9.86,9.8775,5327
2019-07-26 13:50:00,9.87,9.87,9.86,9.8648,6925
2019-07-26 13:45:00,9.88,9.88,9.86,9.87,6413
2019-07-26 13:40:00,9.87,9.88,9.87,9.875,5729
2019-07-26 13:35:00,9.87,9.87,9.8632,9.865,2456
2019-07-26 13:30:00,9.855,9.87,9.85,9.87,8428
2019-07-26 13:25:00,9.85,9.86,9.85,9.86,3659
2019-07-26 13:20:00,9.87,9.87,9.85,9.85,8632
2019-07-26 13:15:00,9.87,9.8701,9.86,9.86,24240
2019-07-26 13:10:00,9.885,9.89,9.87,9.88,39175
2019-07-26 13:05:00,9.9,9.9,9.885,9.89,12904
2019-07-26 13:00:00,9.9,9.91,9.89,9.9,11921
2019-07-26 12:55:00,9.9,9.91,9.895,9.91,5955
2019-07-26 12:50:00,9.89,9.9,9.88,9.9,9152
2019-07-26 12:45:00,9.89,9.89,9.88,9.88,1985
2019-07-26 12:40:00,9.905,9.9051,9.885,9.89,11390
2019-07-26 12:35:00,9.9,9.91,9.9,9.905,26476
2019-07-26 12:30:00,9.9,9.91,9.9,9.91,26730
2019-07-26 12:25:00,9.913,9.92,9.9,9.905,4840
2019-07-26 12:20:00,9.9265,9.9265,9.905,9.915,7935
2019-07-26 12:15:00,9.94,9.94,9.92,9.925,63446
2019-07-26 12:10:00,9.92,9.93,9.92,9.93,9552
2019-07-26 12:05:00,9.925,9.9256,9.9156,9.92,12033
2019-07-26 12:00:00,9.925,9.925,9.92,9.92,1176
2019-07-26 11:55:00,9.935,9.94,9.92,9.92,3860
2019-07-26 11:50:00,9.945,9.95,9.93,9.93,10315
2019-07-26 11:45:00,9.96,9.96,9.94,9.95,19699
2019-07-26 11:40:00,9.93,9.96,9.93,9.96,9267
2019-07-26 11:35:00,9.945,9.945,9.93,9.9301,6833
2019-07-26 11:30:00,9.945,9.95,9.94,9.95,11865
2019-07-26 11:25:00,9.915,9.955,9.915,9.95,10851
2019-07-26 11:20:00,9.92,9.94,9.92,9.92,16894
2019-07-26 11:15:00,9.9217,9.93,9.92,9.925,10194
2019-07-26 11:10:00,9.92,9.93,9.91,9.93,8220
2019-07-26 11:05:00,9.87,9.9161,9.86,9.915,14303
2019-07-26 11:00:00,9.8958,9.9,9.87,9.87,5620
2019-07-26 10:55:00,9.885,9.9065,9.885,9.8901,20147
2019-07-26 10:50:00,9.875,9.92,9.86,9.885,20792
2019-07-26 10:45:00,9.88,9.89,9.87,9.875,6374
2019-07-26 10:40:00,9.86,9.89,9.86,9.89,10239
2019-07-26 10:35:00,9.855,9.87,9.85,9.865,13543
2019-07-26 10:30:00,9.83,9.86,9.83,9.855,3267
2019-07-26 10:25:00,9.8132,9.83,9.8045,9.83,10138
2019-07-26 10:20:00,9.845,9.9,9.82,9.82,25768
2019-07-26 10:15:00,9.87,9.87,9.84,9.84,19676
2019-07-26 10:10:00,9.88,9.9,9.87,9.87,27892
2019-07-26 10:05:00,9.87,9.89,9.85,9.89,138028
2019-07-26 10:00:00,9.84,9.86,9.82,9.85,9882
2019-07-26 09:55:00,9.86,9.87,9.83,9.845,17176
2019-07-26 09:50:00,9.82,9.86,9.8,9.85,15071
2019-07-26 09:45:00,9.78,9.83,9.78,9.82,12207
2019-07-26 09:40:00,9.83,9.84,9.79,9.79,22713
2019-07-26 09:35:00,9.83,9.88,9.82,9.82,23977
2019-07-25 16:00:00,9.74,9.78,9.74,9.75,121249
2019-07-25 15:55:00,9.7099,9.76,9.705,9.7385,100240
2019-07-25 15:50:00,9.79,9.79,9.6732,9.705,263175
2019-07-25 15:45:00,9.8,9.8,9.77,9.79,64709
2019-07-25 15:40:00,9.795,9.8,9.79,9.8,8577
2019-07-25 15:35:00,9.82,9.83,9.79,9.79,26908
2019-07-25 15:30:00,9.795,9.815,9.79,9.815,8030
2019-07-25 15:25:00,9.825,9.83,9.79,9.795,15749
2019-07-25 15:20:00,9.795,9.83,9.79,9.83,15138
2019-07-25 15:15:00,9.79,9.8,9.78,9.8,13012
2019-07-25 15:10:00,9.785,9.8,9.78,9.8,10845
2019-07-25 15:05:00,9.79,9.79,9.78,9.79,9934
2019-07-25 15:00:00,9.8,9.8,9.775,9.8,17190
2019-07-25 14:55:00,9.79,9.8,9.79,9.795,13033
2019-07-25 14:50:00,9.81,9.81,9.79,9.79,11802
2019-07-25 14:45:00,9.79,9.82,9.79,9.81,16771
2019-07-25 14:40:00,9.82,9.82,9.79,9.8,12550
2019-07-25 14:35:00,9.84,9.84,9.81,9.815,6985
2019-07-25 14:30:00,9.825,9.84,9.8235,9.83,10724
2019-07-25 14:25:00,9.83,9.83,9.82,9.825,7884
2019-07-25 14:20:00,9.825,9.85,9.825,9.83,26506
2019-07-25 14:15:00,9.8121,9.84,9.81,9.83,14687
2019-07-25 14:10:00,9.81,9.83,9.8,9.81,17973
2019-07-25 14:05:00,9.82,9.845,9.8,9.82,11382
2019-07-25 14:00:00,9.835,9.845,9.81,9.82,11502
2019-07-25 13:55:00,9.84,9.84,9.825,9.84,6389
2019-07-25 13:50:00,9.84,9.85,9.84,9.85,3180
2019-07-25 13:45:00,9.849,9.86,9.84,9.84,16668
2019-07-25 13:40:00,9.84,9.85,9.83,9.845,5877
2019-07-25 13:35:00,9.85,9.87,9.8,9.84,30188
2019-07-25 13:30:00,9.86,9.87,9.84,9.85,5352
2019-07-25 13:25:00,9.87,9.87,9.8451,9.855,5814
2019-07-25 13:20:00,9.88,9.88,9.85,9.88,11430
2019-07-25 13:15:00,9.88,9.89,9.87,9.88,4722
2019-07-25 13:10:00,9.88,9.89,9.855,9.88,8113
2019-07-25 13:05:00,9.89,9.9,9.88,9.88,5557
2019-07-25 13:00:00,9.89,9.89,9.88,9.89,2241
2019-07-25 12:55:00,9.885,9.885,9.87,9.88,4478
2019-07-25 12:50:00,9.88,9.895,9.86,9.89,12289
2019-07-25 12:45:00,9.885,9.885,9.85,9.875,7967
2019-07-25 12:40:00,9.95,9.95,9.88,9.88,18499
2019-07-25 12:35:00,9.95,9.96,9.95,9.95,2610
2019-07-25 12:30:00,9.935,9.9499,9.935,9.945,5615
2019-07-25 12:25:00,9.9499,9.95,9.93,9.93,9007
2019-07-25 12:20:00,9.95,9.95,9.94,9.95,4596
2019-07-25 12:15:00,9.95,9.95,9.93,9.93,13054
2019-07-25 12:10:00,9.925,9.925,9.92,9.925,1032
2019-07-25 12:05:00,9.94,9.95,9.93,9.93,7977
2019-07-25 12:00:00,9.95,9.95,9.93,9.93,8604
2019-07-25 11:55:00,9.94,9.95,9.935,9.95,7685
2019-07-25 11:50:00,9.985,9.99,9.93,9.93,12775
2019-07-25 11:45:00,9.99,10.0,9.98,9.98,4301
2019-07-25 11:40:00,9.9501,9.9885,9.95,9.9885,12786
2019-07-25 11:35:00,9.93,9.97,9.9232,9.95,14730
2019-07-25 11:30:00,9.93,9.94,9.88,9.925,25847
2019-07-25 11:25:00,9.93,9.935,9.92,9.9346,7260
2019-07-25 11:20:00,9.94,9.96,9.94,9.95,7160
2019-07-25 11:15:00,9.9377,9.95,9.905,9.94,31170
2019-07-25 11:10:00,9.89,9.89,9.86,9.875,8788
2019-07-25 11:05:00,9.9,9.91,9.88,9.885,9211
2019-07-25 11:00:00,9.93,9.93,9.9,9.9,5308
2019-07-25 10:55:00,9.91,9.93,9.9,9.93,8035
2019-07-25 10:50:00,9.885,9.92,9.885,9.91,9264
2019-07-25 10:45:00,9.87,9.89,9.87,9.885,5691
2019-07-25 10:40:00,9.84,9.897,9.84,9.8883,16515
2019-07-25 10:35:00,9.86,9.88,9.83,9.835,13285
2019-07-25 10:30:00,9.91,9.91,9.85,9.85,24761
2019-07-25 10:25:00,9.915,9.92,9.9,9.91,10653
2019-07-25 10:20:00,9.92,9.93,9.92,9.925,3597
2019-07-25 10:15:00,9.91,9.95,9.905,9.91,25311
2019-07-25 10:10:00,9.93,9.94,9.9,9.905,38266
2019-07-25 10:00:00,9.82,9.86,9.81,9.86,13580
2019-07-25 09:55:00,9.79,9.82,9.79,9.82,16962
2019-07-25 09:50:00,9.84,9.85,9.79,9.79,14657
2019-07-25 09:45:00,9.8,9.84,9.79,9.84,13461
2019-07-25 09:40:00,9.84,9.84,9.79,9.8201,18277
2019-07-25 09:35:00,9.87,9.95,9.82,9.87,15551
2019-07-24 16:00:00,9.91,9.92,9.88,9.885,132850
2019-07-24 15:55:00,9.935,9.95,9.91,9.91,279206
2019-07-24 15:50:00,9.935,9.94,9.93,9.93,28827
2019-07-24 15:45:00,9.9533,9.96,9.925,9.94,36405
2019-07-24 15:40:00,9.96,9.97,9.945,9.9539,43056
2019-07-24 15:35:00,9.92,9.98,9.92,9.96,33090
2019-07-24 15:30:00,9.91,9.94,9.9,9.93,32246
2019-07-24 15:25:00,9.9231,9.94,9.9,9.91,16803
2019-07-24 15:20:00,9.89,9.92,9.86,9.92,40575
2019-07-24 15:15:00,9.83,9.9,9.83,9.9,31860
2019-07-24 15:10:00,9.795,9.83,9.77,9.83,171931
2019-07-24 15:05:00,9.795,9.8,9.79,9.79,9569
2019-07-24 15:00:00,9.8,9.8,9.79,9.79,8996
2019-07-24 14:55:00,9.8,9.81,9.79,9.79,71510
2019-07-24 14:50:00,9.805,9.81,9.79,9.8,19721
2019-07-24 14:45:00,9.795,9.81,9.79,9.805,53837
2019-07-24 14:40:00,9.8,9.8,9.79,9.795,13181
2019-07-24 14:35:00,9.8,9.8,9.79,9.8,23991
2019-07-24 14:30:00,9.79,9.8,9.79,9.79,29136
2019-07-24 14:25:00,9.79,9.8,9.79,9.79,15446
2019-07-24 14:20:00,9.8,9.81,9.79,9.79,22706
2019-07-24 14:15:00,9.82,9.83,9.8,9.8,20092
2019-07-24 14:10:00,9.825,9.83,9.82,9.83,17204
2019-07-24 14:05:00,9.81,9.83,9.8,9.83,26151
2019-07-24 14:00:00,9.81,9.815,9.8,9.81,17010
2019-07-24 13:55:00,9.825,9.83,9.8,9.81,20208
2019-07-24 13:50:00,9.785,9.84,9.78,9.82,39197
2019-07-24 13:45:00,9.77,9.79,9.77,9.79,16644
2019-07-24 13:40:00,9.775,9.78,9.77,9.775,19260
2019-07-24 13:35:00,9.78,9.79,9.77,9.77,17605
2019-07-24 13:30:00,9.8,9.8,9.78,9.79,7193
2019-07-24 13:25:00,9.7898,9.8,9.785,9.79,13192
2019-07-24 13:20:00,9.79,9.7965,9.78,9.785,19988
2019-07-24 13:15:00,9.78,9.8,9.78,9.795,11247
2019-07-24 13:10:00,9.785,9.79,9.78,9.785,8929
2019-07-24 13:05:00,9.79,9.8,9.78,9.78,16119
2019-07-24 13:00:00,9.78,9.8,9.78,9.795,15992
2019-07-24 12:55:00,9.79,9.8,9.78,9.79,13242
2019-07-24 12:50:00,9.795,9.8,9.785,9.79,11362
2019-07-24 12:45:00,9.785,9.8,9.78,9.79,15161
2019-07-24 12:40:00,9.79,9.8,9.78,9.78,22283
2019-07-24 12:35:00,9.79,9.8,9.78,9.79,15509
2019-07-24 12:30:00,9.808,9.81,9.78,9.79,189938
2019-07-24 12:25:00,9.8,9.81,9.8,9.8,24143
2019-07-24 12:20:00,9.8,9.81,9.8,9.8,15750
2019-07-24 12:15:00,9.8,9.81,9.8,9.8,992435
2019-07-24 12:10:00,9.8,9.81,9.8,9.8,0
2019-07-24 12:05:00,9.805,9.81,9.8,9.805,30065
2019-07-24 12:00:00,9.8,9.815,9.8,9.805,6972
2019-07-24 11:55:00,9.825,9.83,9.8,9.8,11521
2019-07-24 11:50:00,9.78,9.85,9.78,9.82,42425
2019-07-24 11:45:00,9.785,9.79,9.77,9.78,20763
2019-07-24 11:40:00,9.79,9.8,9.78,9.785,5963
2019-07-24 11:35:00,9.78,9.8,9.77,9.79,25469
2019-07-24 11:30:00,9.75,9.78,9.74,9.78,14682
2019-07-24 11:25:00,9.75,9.755,9.74,9.745,22170
2019-07-24 11:20:00,9.735,9.755,9.735,9.75,22103
2019-07-24 11:15:00,9.7653,9.78,9.735,9.7399,14132
2019-07-24 11:10:00,9.725,9.77,9.68,9.765,55481
2019-07-24 11:05:00,9.74,9.74,9.7157,9.73,19424
2019-07-24 11:00:00,9.66,9.74,9.66,9.74,44881
2019-07-24 10:55:00,9.7,9.7,9.64,9.68,81270
2019-07-24 10:50:00,9.765,9.77,9.69,9.69,69329
2019-07-24 10:45:00,9.785,9.79,9.755,9.76,37901
2019-07-24 10:40:00,9.8,9.81,9.78,9.79,22771
2019-07-24 10:35:00,9.79,9.8,9.79,9.8,19153
2019-07-24 10:30:00,9.81,9.84,9.79,9.79,47468
2019-07-24 10:25:00,9.85,9.86,9.83,9.83,16310
2019-07-24 10:20:00,9.84,9.86,9.82,9.86,42301
2019-07-24 10:15:00,9.82,9.87,9.81,9.85,26121
2019-07-24 10:10:00,9.82,9.88,9.815,9.83,31727
2019-07-24 10:05:00,9.78,9.82,9.78,9.81,21569
2019-07-24 10:00:00,9.8143,9.82,9.78,9.78,65158
2019-07-24 09:55:00,9.91,9.92,9.78,9.82,62249
2019-07-24 09:50:00,9.9,9.92,9.8967,9.9,15240
2019-07-24 09:45:00,9.96,9.99,9.9,9.91,21619
2019-07-24 09:40:00,9.9099,9.96,9.88,9.956,37197
2019-07-24 09:35:00,9.93,10.0,9.89,9.91,22099
2019-07-23 16:00:00,9.93,9.93,9.9,9.9,128852
2019-07-23 15:55:00,9.9,9.92,9.9,9.92,43124
2019-07-23 15:50:00,9.9187,9.92,9.9,9.9,44681
2019-07-23 15:45:00,9.905,9.92,9.9,9.915,58935
2019-07-23 15:40:00,9.9,9.91,9.9,9.905,42477
2019-07-23 15:35:00,9.91,9.92,9.9,9.9,28726
2019-07-23 15:30:00,9.95,9.95,9.91,9.91,41895
2019-07-23 15:25:00,9.945,9.96,9.94,9.95,65971
2019-07-23 15:20:00,9.95,9.95,9.94,9.945,74633
2019-07-23 15:15:00,9.945,9.95,9.94,9.945,4236
2019-07-23 15:10:00,9.95,9.95,9.94,9.945,11973
2019-07-23 15:05:00,9.93,9.9596,9.93,9.9596,22237
2019-07-23 15:00:00,9.93,9.95,9.925,9.935,15934
2019-07-23 14:55:00,9.945,9.99,9.92,9.93,99084
2019-07-23 14:50:00,9.89,9.95,9.8849,9.95,49803
2019-07-23 14:45:00,9.88,9.89,9.87,9.885,28015
2019-07-23 14:40:00,9.93,9.94,9.88,9.88,42068
2019-07-23 14:35:00,9.95,9.95,9.935,9.935,7952
2019-07-23 14:30:00,9.99,9.995,9.94,9.945,35580
2019-07-23 14:25:00,9.99,10.0,9.98,9.99,4087
2019-07-23 14:20:00,10.0,10.005,9.99,9.995,10429
2019-07-23 14:15:00,10.01,10.021,10.0,10.0,25731
2019-07-23 14:10:00,10.025,10.025,10.0,10.01,19208
2019-07-23 14:05:00,10.0305,10.0305,10.01,10.03,30865
2019-07-23 14:00:00,10.025,10.04,10.025,10.03,4829
2019-07-23 13:55:00,10.02,10.03,10.015,10.02,4439
2019-07-23 13:50:00,10.05,10.05,10.02,10.02,3293
2019-07-23 13:45:00,10.0143,10.06,10.0121,10.055,18449
2019-07-23 13:40:00,10.0255,10.0255,10.0138,10.02,5584
2019-07-23 13:35:00,10.025,10.04,10.025,10.025,7883
2019-07-23 13:30:00,10.03,10.03,10.02,10.025,4741
2019-07-23 13:25:00,10.0384,10.0384,10.02,10.0282,5040
2019-07-23 13:20:00,10.0262,10.03,10.025,10.025,7154
2019-07-23 13:15:00,10.02,10.03,10.015,10.025,10213
2019-07-23 13:10:00,10.02,10.03,10.015,10.015,11715
2019-07-23 13:05:00,10.02,10.03,10.02,10.03,1398
2019-07-23 13:00:00,10.02,10.03,10.015,10.02,6879
2019-07-23 12:55:00,10.02,10.03,10.015,10.02,5560
2019-07-23 12:50:00,10.03,10.035,10.02,10.025,3620
2019-07-23 12:45:00,10.01,10.04,10.01,10.03,15847
2019-07-23 12:40:00,10.03,10.0477,10.015,10.03,28691
2019-07-23 12:35:00,10.035,10.035,10.035,10.035,200
2019-07-23 12:30:00,10.05,10.05,10.035,10.035,3648
2019-07-23 12:25:00,10.055,10.065,10.05,10.05,4665
2019-07-23 12:20:00,10.06,10.07,10.045,10.05,8663
2019-07-23 12:15:00,10.04,10.07,10.04,10.06,5865
2019-07-23 12:10:00,10.035,10.05,10.035,10.04,4470
2019-07-23 12:05:00,10.035,10.04,10.015,10.035,16684
2019-07-23 12:00:00,10.025,10.035,10.015,10.035,14961
2019-07-23 11:55:00,10.0126,10.04,10.0126,10.0239,10089
2019-07-23 11:50:00,10.005,10.02,9.99,10.015,28990
2019-07-23 11:45:00,10.01,10.02,10.0002,10.005,12090
2019-07-23 11:40:00,10.015,10.02,10.01,10.02,19299
2019-07-23 11:35:00,10.02,10.02,10.01,10.015,18832
2019-07-23 11:30:00,10.02,10.03,10.015,10.02,31023
2019-07-23 11:25:00,10.025,10.03,10.015,10.02,37385
2019-07-23 11:20:00,10.02,10.03,10.02,10.02,18698
2019-07-23 11:15:00,10.02,10.03,10.02,10.02,21073
2019-07-23 11:10:00,10.02,10.03,10.015,10.02,61709
2019-07-23 11:05:00,10.06,10.06,10.03,10.03,6070
2019-07-23 11:00:00,10.06,10.065,10.06,10.06,5810
2019-07-23 10:55:00,10.06,10.08,10.06,10.065,4256
2019-07-23 10:50:00,10.06,10.08,10.055,10.07,7577
2019-07-23 10:45:00,10.075,10.09,10.065,10.07,11008
2019-07-23 10:40:00,10.05,10.08,10.05,10.07,12299
2019-07-23 10:35:00,10.015,10.06,10.01,10.055,12636
2019-07-23 10:30:00,10.01,10.03,10.01,10.015,5882
2019-07-23 10:25:00,10.0025,10.04,9.99,10.01,57704
2019-07-23 10:20:00,10.02,10.03,9.995,10.0,85553
2019-07-23 10:15:00,10.02,10.03,10.01,10.015,21840
2019-07-23 10:10:00,10.035,10.06,10.015,10.02,9602
2019-07-23 10:05:00,10.035,10.04,10.02,10.04,17956
2019-07-23 10:00:00,10.025,10.0333,10.01,10.03,32368
2019-07-23 09:55:00,10.035,10.035,10.01,10.025,71286
2019-07-23 09:50:00,10.12,10.12,10.02,10.02,28791
2019-07-23 09:45:00,10.15,10.15,10.1001,10.1001,24339
2019-07-23 09:40:00,10.2051,10.22,10.124,10.124,21283
2019-07-23 09:35:00,10.16,10.21,10.15,10.16,22211
2019-07-22 16:00:00,10.09,10.16,10.08,10.15,460916
2019-07-22 15:55:00,10.09,10.09,10.02,10.085,122976
2019-07-22 15:50:00,10.07,10.1,10.06,10.09,40734
2019-07-22 15:45:00,10.08,10.09,10.06,10.07,20661
2019-07-22 15:40:00,10.09,10.12,10.08,10.08,57198
2019-07-22 15:35:00,10.045,10.099,10.04,10.085,83365
2019-07-22 15:30:00,10.04,10.06,10.04,10.045,14534
2019-07-22 15:25:00,10.05,10.06,10.04,10.05,12845
2019-07-22 15:20:00,10.085,10.09,10.05,10.055,13761
2019-07-22 15:15:00,10.095,10.1,10.085,10.085,11520
2019-07-22 15:10:00,10.125,10.125,10.09,10.095,11045
2019-07-22 15:05:00,10.12,10.15,10.11,10.125,20389
2019-07-22 15:00:00,10.095,10.12,10.095,10.12,14434
2019-07-22 14:55:00,10.11,10.11,10.09,10.095,15322
2019-07-22 14:50:00,10.1,10.105,10.095,10.105,8083
2019-07-22 14:45:00,10.1,10.12,10.0938,10.1,18485
2019-07-22 14:40:00,10.1,10.11,10.09,10.095,7392
2019-07-22 14:35:00,10.105,10.12,10.085,10.1,20699
2019-07-22 14:30:00,10.07,10.11,10.065,10.1,28773
2019-07-22 14:25:00,10.06,10.09,10.06,10.07,14758
2019-07-22 14:20:00,10.07,10.08,10.06,10.06,19263
2019-07-22 14:15:00,10.09,10.1,10.07,10.07,6065
2019-07-22 14:10:00,10.1306,10.135,10.09,10.095,19294
2019-07-22 14:05:00,10.145,10.15,10.1225,10.13,11643
2019-07-22 14:00:00,10.17,10.17,10.14,10.145,20708
2019-07-22 13:55:00,10.15,10.19,10.15,10.17,16701
2019-07-22 13:50:00,10.1316,10.17,10.131,10.16,29860
2019-07-22 13:45:00,10.1,10.14,10.1,10.1339,522927
2019-07-22 13:40:00,10.09,10.11,10.0804,10.11,22482
2019-07-22 13:35:00,10.055,10.1,10.05,10.09,31905
2019-07-22 13:30:00,10.05,10.06,10.05,10.0532,20319
2019-07-22 13:25:00,10.03,10.05,10.03,10.05,17945
2019-07-22 13:20:00,10.015,10.03,9.99,10.03,51556
2019-07-22 13:15:00,10.03,10.03,9.99,10.02,66165
2019-07-22 13:10:00,9.98,10.04,9.98,10.03,75837
2019-07-22 13:05:00,9.98,10.0,9.97,9.98,32589
2019-07-22 13:00:00,9.97,9.99,9.96,9.985,26136
2019-07-22 12:55:00,9.965,9.98,9.965,9.975,14169
2019-07-22 12:50:00,9.97,9.97,9.96,9.97,1761
2019-07-22 12:45:00,9.98,10.0,9.98,9.98,19037
2019-07-22 12:40:00,9.96,9.98,9.94,9.979,18213
2019-07-22 12:35:00,9.9397,9.96,9.93,9.955,6612
2019-07-22 12:30:00,9.995,9.995,9.94,9.9499,57158
2019-07-22 12:25:00,10.0,10.01,9.99,9.99,14045
2019-07-22 12:20:00,10.0093,10.01,10.0,10.0,6318
2019-07-22 12:15:00,10.0,10.01,9.99,10.0,11734
2019-07-22 12:10:00,10.0,10.02,9.99,10.0,44820
2019-07-22 12:05:00,10.0,10.01,9.99,10.005,25184
2019-07-22 12:00:00,10.02,10.02,10.0,10.0,6934
2019-07-22 11:55:00,10.01,10.02,9.99,10.02,18183
2019-07-22 11:50:00,10.0,10.01,10.0,10.01,12818
2019-07-22 11:45:00,10.035,10.035,10.0,10.0,11710
2019-07-22 11:40:00,10.01,10.0311,10.01,10.0311,18388
2019-07-22 11:35:00,10.005,10.02,10.0,10.01,16581
2019-07-22 11:30:00,10.0086,10.01,9.995,10.0,19073
2019-07-22 11:25:00,10.02,10.025,10.0,10.005,32040
2019-07-22 11:20:00,10.045,10.06,10.03,10.04,79378
2019-07-22 11:15:00,10.0321,10.05,10.0231,10.045,21881
2019-07-22 11:10:00,10.045,10.0607,10.02,10.03,37059
2019-07-22 11:05:00,10.065,10.07,10.04,10.045,27733
2019-07-22 11:00:00,10.0501,10.07,10.03,10.07,25451
2019-07-22 10:55:00,10.03,10.06,10.02,10.06,26383
2019-07-22 10:50:00,10.04,10.05,10.025,10.04,18397
2019-07-22 10:45:00,10.05,10.05,10.02,10.04,10352
2019-07-22 10:40:00,10.07,10.09,10.04,10.05,114870
2019-07-22 10:35:00,10.04,10.09,10.04,10.08,17810
2019-07-22 10:30:00,10.035,10.05,10.03,10.045,4899
2019-07-22 10:25:00,10.04,10.04,10.02,10.0399,8379
2019-07-22 10:20:00,10.06,10.06,10.05,10.05,11217
2019-07-22 10:15:00,10.09,10.1,10.05,10.07,14847
2019-07-22 10:10:00,10.1,10.12,10.09,10.09,14951
2019-07-22 10:05:00,10.1701,10.2,10.09,10.09,23167
2019-07-22 10:00:00,10.2,10.2,10.17,10.17,12987
2019-07-22 09:55:00,10.19,10.22,10.17,10.17,35903
2019-07-22 09:50:00,10.175,10.2,10.15,10.2,30502
2019-07-22 09:45:00,10.15,10.19,10.15,10.172,8524
2019-07-22 09:40:00,10.135,10.165,10.135,10.165,6028
2019-07-22 09:35:00,10.15,10.2,10.1228,10.1228,24732
2019-07-19 16:00:00,10.09,10.11,10.085,10.095,110469
2019-07-19 15:55:00,10.085,10.09,10.08,10.085,45741
2019-07-19 15:50:00,10.11,10.11,10.08,10.08,48992
2019-07-19 15:45:00,10.1,10.12,10.095,10.11,37621
2019-07-19 15:40:00,10.095,10.1,10.09,10.095,6988
2019-07-19 15:35:00,10.1,10.115,10.09,10.095,22541
2019-07-19 15:30:00,10.085,10.105,10.0824,10.1,15480
2019-07-19 15:25:00,10.09,10.095,10.075,10.09,13514
2019-07-19 15:20:00,10.085,10.1,10.07,10.1,22571
2019-07-19 15:15:00,10.08,10.09,10.07,10.085,14437
2019-07-19 15:10:00,10.07,10.085,10.05,10.085,13177
2019-07-19 15:05:00,10.09,10.1,10.05,10.07,13435
2019-07-19 15:00:00,10.11,10.12,10.09,10.09,8874
2019-07-19 14:55:00,10.11,10.14,10.09,10.12,36146
2019-07-19 14:50:00,10.1399,10.1399,10.1,10.1,39616
2019-07-19 14:45:00,10.15,10.16,10.13,10.14,30258
2019-07-19 14:40:00,10.15,10.16,10.13,10.145,12654
2019-07-19 14:35:00,10.16,10.2,10.15,10.15,13379
2019-07-19 14:30:00,10.22,10.22,10.16,10.16,19577
2019-07-19 14:25:00,10.23,10.24,10.22,10.22,6350
2019-07-19 14:20:00,10.2525,10.27,10.23,10.23,14822
2019-07-19 14:15:00,10.2525,10.26,10.24,10.255,14758
2019-07-19 14:10:00,10.27,10.28,10.25,10.255,7991
2019-07-19 14:05:00,10.265,10.28,10.26,10.275,16136
2019-07-19 14:00:00,10.27,10.27,10.25,10.27,28405
2019-07-19 13:55:00,10.255,10.28,10.25,10.27,15835
2019-07-19 13:50:00,10.25,10.26,10.25,10.2525,6534
2019-07-19 13:45:00,10.255,10.255,10.24,10.255,13459
2019-07-19 13:40:00,10.2425,10.26,10.2425,10.2525,5596
2019-07-19 13:35:00,10.24,10.26,10.24,10.24,11131
2019-07-19 13:30:00,10.24,10.25,10.23,10.25,5365
2019-07-19 13:25:00,10.26,10.26,10.24,10.24,7030
2019-07-19 13:20:00,10.25,10.27,10.25,10.265,12415
2019-07-19 13:15:00,10.22,10.26,10.22,10.25,14459
2019-07-19 13:10:00,10.22,10.24,10.22,10.22,7163
2019-07-19 13:05:00,10.23,10.2463,10.22,10.23,14639
2019-07-19 13:00:00,10.235,10.24,10.23,10.23,1703
2019-07-19 12:55:00,10.25,10.255,10.23,10.23,7157
2019-07-19 12:50:00,10.26,10.2693,10.25,10.255,11420
2019-07-19 12:45:00,10.27,10.28,10.26,10.265,8094
2019-07-19 12:40:00,10.27,10.285,10.27,10.27,7481
2019-07-19 12:35:00,10.28,10.28,10.27,10.27,4196
2019-07-19 12:30:00,10.28,10.3,10.275,10.29,9200
2019-07-19 12:25:00,10.28,10.29,10.27,10.27,3786
2019-07-19 12:20:00,10.28,10.3,10.28,10.28,4694
2019-07-19 12:15:00,10.295,10.295,10.27,10.28,5865
2019-07-19 12:10:00,10.28,10.29,10.2646,10.29,9026
2019-07-19 12:05:00,10.3,10.305,10.28,10.28,38414
2019-07-19 12:00:00,10.27,10.31,10.27,10.3,11620
2019-07-19 11:55:00,10.26,10.29,10.26,10.27,11063
2019-07-19 11:50:00,10.3,10.305,10.245,10.26,16785
2019-07-19 11:45:00,10.32,10.32,10.28,10.3,16653
2019-07-19 11:40:00,10.37,10.37,10.32,10.32,4492
2019-07-19 11:35:00,10.34,10.38,10.34,10.37,14251
2019-07-19 11:30:00,10.3435,10.36,10.34,10.35,7589
2019-07-19 11:25:00,10.34,10.36,10.32,10.35,26269
2019-07-19 11:20:00,10.365,10.37,10.34,10.34,14644
2019-07-19 11:15:00,10.36,10.38,10.34,10.365,18742
2019-07-19 11:10:00,10.35,10.37,10.35,10.36,5631
2019-07-19 11:05:00,10.39,10.39,10.3528,10.37,8068
2019-07-19 11:00:00,10.34,10.4034,10.34,10.39,8331
2019-07-19 10:55:00,10.3427,10.35,10.32,10.34,18198
2019-07-19 10:50:00,10.36,10.36,10.34,10.3476,17748
2019-07-19 10:45:00,10.4,10.41,10.37,10.37,11458
2019-07-19 10:40:00,10.4,10.405,10.38,10.4,10214
2019-07-19 10:35:00,10.405,10.42,10.39,10.39,3919
2019-07-19 10:30:00,10.36,10.41,10.35,10.41,30490
2019-07-19 10:25:00,10.38,10.4,10.36,10.36,7070
2019-07-19 10:20:00,10.36,10.4,10.35,10.38,16563
2019-07-19 10:15:00,10.32,10.39,10.32,10.35,14095
2019-07-19 10:10:00,10.355,10.36,10.32,10.32,9914
2019-07-19 10:05:00,10.31,10.38,10.31,10.35,28531
2019-07-19 10:00:00,10.32,10.33,10.29,10.31,5951
2019-07-19 09:55:00,10.32,10.33,10.3,10.33,15095
2019-07-19 09:50:00,10.355,10.38,10.31,10.31,5507
2019-07-19 09:45:00,10.32,10.38,10.31,10.375,26803
2019-07-19 09:40:00,10.36,10.39,10.3,10.35,16720
2019-07-19 09:35:00,10.43,10.43,10.3,10.36,27491
2019-07-18 16:00:00,10.36,10.37,10.35,10.355,48312
2019-07-18 15:55:00,10.405,10.41,10.35,10.355,60843
2019-07-18 15:50:00,10.435,10.435,10.4,10.405,65402
2019-07-18 15:45:00,10.38,10.44,10.38,10.44,85092
2019-07-18 15:40:00,10.335,10.38,10.33,10.38,62450
2019-07-18 15:35:00,10.345,10.35,10.33,10.335,14215
2019-07-18 15:30:00,10.335,10.35,10.31,10.35,34345
2019-07-18 15:25:00,10.35,10.355,10.33,10.335,5885
2019-07-18 15:20:00,10.38,10.38,10.35,10.35,8621
2019-07-18 15:15:00,10.35,10.37,10.332,10.37,17831
2019-07-18 15:10:00,10.37,10.37,10.34,10.36,13423
2019-07-18 15:05:00,10.37,10.4,10.37,10.37,13719
2019-07-18 15:00:00,10.395,10.4,10.36,10.375,20232
2019-07-18 14:55:00,10.4,10.4,10.39,10.4,17872
2019-07-18 14:50:00,10.36,10.4,10.36,10.4,21621
2019-07-18 14:45:00,10.36,10.38,10.35,10.365,36778
2019-07-18 14:40:00,10.36,10.37,10.3401,10.35,25961
2019-07-18 14:35:00,10.36,10.37,10.35,10.36,13322
2019-07-18 14:30:00,10.3438,10.36,10.33,10.36,40809
2019-07-18 14:25:00,10.31,10.35,10.3,10.345,35366
2019-07-18 14:20:00,10.3,10.31,10.3,10.31,27846
2019-07-18 14:15:00,10.31,10.31,10.3,10.3,15461
2019-07-18 14:10:00,10.28,10.31,10.28,10.31,14857
2019-07-18 14:05:00,10.28,10.28,10.27,10.28,16562
2019-07-18 14:00:00,10.23,10.28,10.23,10.275,30795
2019-07-18 13:55:00,10.23,10.24,10.23,10.23,16898
2019-07-18 13:50:00,10.23,10.24,10.23,10.23,20473
2019-07-18 13:45:00,10.235,10.24,10.23,10.235,5452
2019-07-18 13:40:00,10.23,10.24,10.23,10.23,4769
2019-07-18 13:35:00,10.235,10.235,10.23,10.235,14000
2019-07-18 13:30:00,10.2365,10.24,10.23,10.235,17754
2019-07-18 13:25:00,10.21,10.24,10.2,10.24,19857
2019-07-18 13:20:00,10.16,10.21,10.16,10.21,11191
2019-07-18 13:15:00,10.15,10.16,10.14,10.155,9063
2019-07-18 13:10:00,10.16,10.16,10.14,10.15,19923
2019-07-18 13:05:00,10.175,10.18,10.15,10.16,17643
2019-07-18 13:00:00,10.18,10.18,10.17,10.18,6981
2019-07-18 12:55:00,10.125,10.18,10.125,10.18,27932
2019-07-18 12:50:00,10.125,10.1299,10.12,10.12,21450
2019-07-18 12:45:00,10.155,10.155,10.12,10.13,14457
2019-07-18 12:40:00,10.18,10.18,10.15,10.155,15708
2019-07-18 12:35:00,10.185,10.21,10.172,10.172,25027
2019-07-18 12:30:00,10.185,10.2,10.18,10.19,34751
2019-07-18 12:25:00,10.185,10.19,10.18,10.19,4527
2019-07-18 12:20:00,10.19,10.19,10.18,10.19,5338
2019-07-18 12:15:00,10.19,10.195,10.18,10.1801,32480
2019-07-18 12:10:00,10.14,10.19,10.14,10.19,15244
2019-07-18 12:05:00,10.145,10.15,10.12,10.14,21257
2019-07-18 12:00:00,10.155,10.17,10.14,10.145,37893
2019-07-18 11:55:00,10.12,10.16,10.12,10.155,39638
2019-07-18 11:50:00,10.13,10.195,10.12,10.13,288968
2019-07-18 11:45:00,10.235,10.235,10.13,10.13,19776
2019-07-18 11:40:00,10.245,10.26,10.22,10.23,13311
2019-07-18 11:35:00,10.215,10.25,10.21,10.25,16201
2019-07-18 11:30:00,10.23,10.24,10.21,10.21,5862
2019-07-18 11:25:00,10.2435,10.25,10.23,10.23,11542
2019-07-18 11:20:00,10.265,10.27,10.24,10.25,16340
2019-07-18 11:15:00,10.25,10.29,10.25,10.27,25323
2019-07-18 11:10:00,10.22,10.27,10.22,10.25,13607
2019-07-18 11:05:00,10.25,10.25,10.22,10.225,9173
2019-07-18 11:00:00,10.28,10.28,10.25,10.2593,20388
2019-07-18 10:55:00,10.27,10.28,10.24,10.2728,25884
2019-07-18 10:50:00,10.265,10.285,10.25,10.28,27826
2019-07-18 10:45:00,10.28,10.29,10.25,10.26,37313
2019-07-18 10:40:00,10.24,10.29,10.23,10.28,32903
2019-07-18 10:35:00,10.22,10.25,10.22,10.25,9862
2019-07-18 10:30:00,10.2,10.22,10.18,10.22,30258
2019-07-18 10:25:00,10.305,10.31,10.2,10.2,24621
2019-07-18 10:20:00,10.21,10.31,10.21,10.3,42789
2019-07-18 10:15:00,10.2,10.24,10.19,10.206,43363
2019-07-18 10:10:00,10.22,10.24,10.18,10.19,28836
2019-07-18 10:05:00,10.19,10.25,10.19,10.21,29060
2019-07-18 10:00:00,10.2191,10.2191,10.185,10.185,15055
2019-07-18 09:55:00,10.16,10.2,10.12,10.2,19506
2019-07-18 09:50:00,10.2,10.2,10.15,10.15,5747
2019-07-18 09:45:00,10.115,10.2,10.08,10.1701,28460
2019-07-18 09:40:00,10.13,10.14,10.1,10.13,7652
2019-07-18 09:35:00,10.15,10.1606,10.06,10.14,63896
2019-07-17 16:00:00,10.28,10.28,10.26,10.26,109182
2019-07-17 15:55:00,10.25,10.29,10.25,10.275,142939
2019-07-17 15:50:00,10.215,10.25,10.2,10.25,130038
2019-07-17 15:45:00,10.16,10.22,10.155,10.22,46915
2019-07-17 15:40:00,10.165,10.17,10.14,10.16,62137
2019-07-17 15:35:00,10.135,10.17,10.135,10.17,48160
2019-07-17 15:30:00,10.145,10.15,10.13,10.1325,14219
2019-07-17 15:25:00,10.15,10.1563,10.14,10.15,16396
2019-07-17 15:20:00,10.145,10.16,10.13,10.15,19189
2019-07-17 15:15:00,10.13,10.15,10.1223,10.145,9465
2019-07-17 15:10:00,10.15,10.15,10.12,10.13,20256
2019-07-17 15:05:00,10.15,10.15,10.13,10.14,17080
2019-07-17 15:00:00,10.15,10.15,10.14,10.15,13753
2019-07-17 14:55:00,10.15,10.15,10.13,10.15,8292
2019-07-17 14:50:00,10.15,10.155,10.14,10.145,8343
2019-07-17 14:45:00,10.16,10.16,10.15,10.15,8092
2019-07-17 14:40:00,10.16,10.18,10.1425,10.16,29424
2019-07-17 14:35:00,10.16,10.17,10.14,10.15,32406
2019-07-17 14:30:00,10.14,10.17,10.14,10.16,27099
2019-07-17 14:25:00,10.13,10.15,10.13,10.15,12618
2019-07-17 14:20:00,10.09,10.14,10.08,10.14,131832
2019-07-17 14:15:00,10.08,10.09,10.08,10.08,13923
2019-07-17 14:10:00,10.08,10.09,10.08,10.085,5671
2019-07-17 14:05:00,10.085,10.09,10.07,10.08,14481
2019-07-17 14:00:00,10.09,10.09,10.0825,10.085,10131
2019-07-17 13:55:00,10.077,10.09,10.07,10.08,18846
2019-07-17 13:50:00,10.08,10.08,10.07,10.075,7875
2019-07-17 13:45:00,10.08,10.08,10.06,10.075,15871
2019-07-17 13:40:00,10.085,10.09,10.07,10.07,10614
2019-07-17 13:35:00,10.08,10.09,10.07,10.08,19372
2019-07-17 13:30:00,10.08,10.09,10.075,10.09,14680
2019-07-17 13:25:00,10.08,10.09,10.08,10.08,8802
2019-07-17 13:20:00,10.08,10.09,10.0735,10.0801,8381
2019-07-17 13:15:00,10.085,10.09,10.08,10.085,14336
2019-07-17 13:10:00,10.085,10.09,10.075,10.0885,12766
2019-07-17 13:05:00,10.085,10.09,10.07,10.085,13636
2019-07-17 13:00:00,10.08,10.09,10.07,10.085,13504
2019-07-17 12:55:00,10.07,10.09,10.065,10.08,16081
2019-07-17 12:50:00,10.065,10.075,10.06,10.07,16760
2019-07-17 12:45:00,10.08,10.085,10.06,10.07,27218
2019-07-17 12:40:00,10.09,10.09,10.08,10.08,5436
2019-07-17 12:35:00,10.075,10.09,10.07,10.09,14675
2019-07-17 12:30:00,10.08,10.09,10.07,10.08,18227
2019-07-17 12:25:00,10.075,10.08,10.07,10.08,42634
2019-07-17 12:20:00,10.08,10.09,10.08,10.09,32269
2019-07-17 12:15:00,10.06,10.08,10.06,10.065,55817
2019-07-17 12:10:00,10.02,10.05,10.02,10.05,23355
2019-07-17 12:05:00,10.02,10.02,10.015,10.0184,79538
2019-07-17 12:00:00,10.035,10.035,10.005,10.015,34065
2019-07-17 11:55:00,10.02,10.035,10.01,10.03,19320
2019-07-17 11:50:00,10.015,10.02,10.0,10.015,14925
2019-07-17 11:45:00,10.02,10.02,10.0,10.015,19349
2019-07-17 11:40:00,10.01,10.02,10.0,10.01,6238
2019-07-17 11:35:00,10.02,10.03,10.0,10.015,31854
2019-07-17 11:30:00,10.015,10.02,10.0,10.02,25188
2019-07-17 11:25:00,10.0,10.02,9.9984,10.015,42469
2019-07-17 11:20:00,10.0,10.01,9.99,10.0,22613
2019-07-17 11:15:00,10.02,10.02,10.0,10.0,24211
2019-07-17 11:10:00,10.02,10.02,10.0,10.015,18649
2019-07-17 11:05:00,10.01,10.03,10.01,10.025,18715
2019-07-17 11:00:00,10.0,10.02,10.0,10.02,24298
2019-07-17 10:55:00,10.025,10.025,10.0,10.0001,19696
2019-07-17 10:50:00,10.03,10.05,10.01,10.0298,42909
2019-07-17 10:45:00,10.0,10.03,9.99,10.03,151163
2019-07-17 10:40:00,9.99,10.0,9.97,10.0,13045
2019-07-17 10:35:00,10.0,10.0,9.99,9.995,12403
2019-07-17 10:30:00,9.99,10.0,9.98,10.0,21873
2019-07-17 10:25:00,9.98,10.0,9.98,9.99,21867
2019-07-17 10:20:00,9.9734,9.99,9.95,9.98,27446
2019-07-17 10:15:00,9.965,10.0,9.96,9.98,38628
2019-07-17 10:10:00,9.9533,9.97,9.9,9.96,91062
2019-07-17 10:05:00,9.97,10.0,9.95,9.96,69180
2019-07-17 10:00:00,9.985,9.985,9.93,9.97,37345
2019-07-17 09:55:00,9.97,9.99,9.965,9.985,19054
2019-07-17 09:50:00,9.9269,9.98,9.92,9.97,39921
2019-07-17 09:45:00,9.96,9.97,9.8901,9.9331,101879
2019-07-17 09:40:00,10.03,10.03,9.93,9.965,39173
2019-07-17 09:35:00,10.03,10.07,10.01,10.04,78132
